"((0, 0, 0, 0, 0, 0, 0, 0, 0), 'DELIVER')",-18.85402519550005
"((0, 0, 0, 1, 0, 0, 0, 0, 0), 'IDLE')",81.22810115081639
"((0, 0, 0, 1, 0, 0, 0, 0, 0), 'DELIVER')",-55.109011740052466
"((0, 0, 0, 1, 0, 0, 0, 0, 0), 'STORE')",71.23010065641397
"((0, 0, 0, 1, 1, 0, 0, 0, 0), 'DELIVER')",-57.71717809797267
"((0, 0, 0, 1, 1, 0, 0, 0, 0), 'ORDER_1')",51.564093953249255
"((0, 0, 0, 1, 1, 0, 0, 1, 0), 'STORE')",123.81007527438311
"((0, 0, 0, 1, 0, 0, 0, 1, 0), 'ORDER_1')",119.60914240978617
"((0, 0, 0, 1, 0, 1, 0, 1, 0), 'ORDER_1')",122.21360996890728
"((0, 0, 0, 1, 1, 1, 0, 1, 1), 'ORDER_1')",86.20845302007442
"((0, 0, 0, 1, 1, 1, 1, 1, 1), 'IDLE')",48.60273818628683
"((0, 0, 0, 1, 0, 1, 1, 1, 1), 'DELIVER')",-34.63060432314511
"((0, 0, 0, 1, 0, 1, 1, 1, 0), 'STORE')",127.6656254332978
"((1, 0, 0, 1, 1, 0, 1, 0, 0), 'STORE')",115.58482398090672
"((1, 1, 0, 1, 1, 0, 0, 0, 0), 'ORDER_1')",118.62185961830764
"((1, 1, 0, 1, 0, 0, 0, 1, 0), 'DELIVER')",230.1975830883472
"((0, 1, 0, 0, 0, 0, 0, 1, 0), 'DELIVER')",174.44251736791142
"((0, 0, 0, 0, 0, 1, 0, 0, 0), 'IDLE')",97.76650093223374
"((0, 0, 0, 0, 0, 1, 0, 0, 0), 'DELIVER')",-16.672810937526194
"((0, 0, 0, 0, 0, 1, 0, 0, 0), 'STORE')",114.60892143316167
"((0, 1, 0, 0, 0, 0, 0, 0, 0), 'IDLE')",127.62045696807836
"((0, 1, 0, 1, 0, 0, 0, 0, 0), 'DELIVER')",169.53613362624515
"((0, 0, 0, 0, 0, 0, 0, 0, 0), 'STORE')",71.22398800318936
"((0, 0, 0, 0, 0, 0, 0, 0, 0), 'IDLE')",80.80530041964988
"((0, 0, 0, 1, 0, 0, 0, 0, 0), 'ORDER_1')",101.54799544422393
"((0, 0, 0, 1, 0, 0, 0, 1, 1), 'STORE')",148.9089753331256
"((0, 0, 1, 1, 1, 0, 0, 1, 0), 'DELIVER')",176.13430116539138
"((0, 0, 0, 0, 0, 0, 0, 1, 0), 'IDLE')",107.0998040316734
"((0, 0, 0, 0, 0, 1, 0, 0, 0), 'ORDER_1')",122.95441407988754
"((0, 0, 0, 1, 0, 1, 0, 1, 0), 'STORE')",153.70175585362685
"((0, 1, 0, 1, 0, 0, 0, 1, 0), 'IDLE')",139.94839259489498
"((0, 1, 0, 1, 0, 1, 0, 0, 0), 'ORDER_1')",123.9299960830037
"((0, 1, 0, 1, 0, 1, 0, 1, 0), 'DELIVER')",209.17647213051768
"((0, 0, 1, 1, 0, 0, 1, 0, 0), 'DELIVER')",199.9092080192573
"((0, 0, 0, 0, 0, 0, 1, 0, 0), 'STORE')",114.28174978910822
"((0, 1, 0, 0, 0, 0, 0, 0, 0), 'DELIVER')",23.37727808004483
"((0, 0, 0, 0, 0, 0, 0, 0, 0), 'ORDER_1')",98.85890663295643
"((0, 0, 0, 0, 0, 0, 0, 1, 0), 'STORE')",121.72249460208006
"((0, 1, 0, 1, 0, 0, 0, 0, 0), 'ORDER_1')",135.30585909809304
"((0, 1, 0, 1, 0, 0, 0, 1, 0), 'ORDER_1')",116.38384787806335
"((0, 1, 0, 1, 0, 0, 0, 1, 1), 'DELIVER')",202.79299900382645
"((0, 0, 0, 0, 0, 1, 0, 1, 0), 'DELIVER')",21.35429041205511
"((0, 0, 0, 1, 0, 1, 0, 1, 0), 'IDLE')",119.31648218988275
"((0, 0, 0, 1, 0, 1, 1, 0, 0), 'IDLE')",121.73463187129136
"((0, 0, 0, 1, 0, 1, 1, 0, 0), 'STORE')",159.18251727419573
"((1, 0, 0, 1, 0, 0, 1, 0, 0), 'ORDER_1')",144.06512787775281
"((1, 0, 0, 1, 1, 0, 1, 1, 0), 'DELIVER')",147.1993098688651
"((0, 0, 0, 0, 0, 0, 1, 1, 0), 'STORE')",153.40883594364684
"((1, 0, 0, 0, 0, 0, 1, 0, 0), 'STORE')",156.03271861684414
"((1, 0, 1, 0, 0, 0, 0, 0, 0), 'ORDER_1')",157.91670719280918
"((1, 0, 1, 1, 0, 0, 0, 1, 0), 'STORE')",144.41050920309752
"((1, 0, 1, 1, 0, 0, 0, 1, 0), 'IDLE')",156.77956173288388
"((1, 0, 1, 1, 0, 1, 0, 0, 0), 'ORDER_1')",127.69427451913218
"((1, 0, 1, 1, 0, 1, 0, 1, 0), 'STORE')",127.91227889614939
"((1, 1, 1, 1, 1, 0, 0, 1, 0), 'ORDER_1')",158.68646045353182
"((1, 1, 1, 1, 0, 1, 0, 1, 0), 'DELIVER')",199.3086291672288
"((0, 1, 1, 0, 0, 1, 0, 1, 0), 'DELIVER')",5.821596678010579
"((0, 1, 1, 0, 0, 1, 1, 0, 0), 'STORE')",129.43612595413117
"((1, 1, 1, 1, 0, 0, 1, 0, 0), 'ORDER_1')",151.15500606329013
"((1, 1, 1, 1, 0, 0, 1, 1, 0), 'DELIVER')",223.95846847602567
"((0, 1, 1, 0, 0, 0, 1, 1, 0), 'IDLE')",118.44200196914593
"((0, 1, 1, 0, 0, 1, 1, 0, 0), 'IDLE')",145.89956886588467
"((0, 1, 1, 1, 0, 1, 1, 0, 0), 'IDLE')",153.3154243969053
"((0, 1, 1, 1, 0, 1, 1, 0, 0), 'ORDER_1')",147.603945324297
"((0, 1, 1, 1, 0, 1, 1, 1, 0), 'DELIVER')",209.03296290873948
"((0, 0, 1, 0, 0, 1, 1, 1, 0), 'DELIVER')",205.6108971517152
"((0, 0, 0, 0, 0, 1, 1, 0, 0), 'IDLE')",121.6530529884306
"((0, 0, 0, 0, 0, 1, 1, 0, 0), 'DELIVER')",21.67929747382178
"((0, 0, 0, 1, 0, 1, 1, 0, 0), 'ORDER_1')",103.47332142006044
"((0, 0, 0, 1, 0, 1, 1, 1, 0), 'IDLE')",105.6100044904897
"((0, 1, 0, 1, 1, 0, 1, 0, 0), 'DELIVER')",191.2444701103
"((0, 0, 0, 0, 0, 0, 1, 0, 0), 'DELIVER')",-2.2925567677848155
"((0, 0, 0, 0, 0, 0, 1, 0, 0), 'IDLE')",103.46870273296622
"((0, 0, 0, 1, 0, 0, 1, 0, 0), 'IDLE')",102.61571304322925
"((0, 0, 0, 1, 0, 0, 1, 0, 0), 'DELIVER')",10.913076538983244
"((0, 0, 0, 1, 0, 0, 1, 0, 0), 'ORDER_1')",119.12939867367547
"((0, 0, 0, 1, 1, 0, 1, 1, 0), 'IDLE')",71.85154034284875
"((0, 0, 0, 1, 0, 0, 1, 1, 0), 'ORDER_1')",74.1539641601085
"((0, 0, 0, 1, 0, 1, 1, 1, 0), 'ORDER_1')",126.9145492180848
"((0, 0, 0, 1, 0, 1, 1, 1, 1), 'STORE')",173.9775133305277
"((1, 0, 0, 1, 1, 0, 1, 1, 0), 'ORDER_1')",99.38570925068282
"((1, 0, 0, 1, 1, 0, 1, 1, 1), 'DELIVER')",154.12020157479304
"((0, 0, 0, 0, 0, 1, 1, 1, 0), 'IDLE')",93.4546574212653
"((0, 0, 0, 0, 0, 1, 1, 1, 0), 'ORDER_1')",106.66079899389732
"((0, 0, 0, 1, 0, 0, 0, 1, 0), 'STORE')",133.2946454829295
"((0, 0, 0, 1, 0, 0, 0, 1, 0), 'DELIVER')",-0.7537846509053472
"((0, 0, 0, 1, 0, 1, 0, 0, 0), 'ORDER_1')",122.60307765108261
"((0, 0, 0, 1, 1, 1, 0, 1, 1), 'DELIVER')",-24.20318095346608
"((0, 1, 0, 1, 0, 0, 1, 1, 0), 'ORDER_1')",131.33448553365523
"((0, 1, 0, 1, 0, 1, 1, 1, 0), 'STORE')",175.78224149474946
"((0, 1, 1, 1, 1, 0, 1, 1, 0), 'IDLE')",111.37164593024698
"((0, 1, 1, 1, 1, 1, 1, 0, 0), 'ORDER_1')",95.06042086193034
"((0, 1, 1, 1, 0, 1, 1, 1, 0), 'IDLE')",128.32161856013843
"((0, 1, 1, 1, 0, 1, 1, 1, 0), 'ORDER_1')",140.9645558828184
"((0, 1, 1, 1, 1, 1, 1, 1, 0), 'ORDER_1')",56.20834618838924
"((0, 1, 1, 1, 1, 1, 1, 1, 1), 'DELIVER')",174.7335512817407
"((0, 0, 1, 0, 0, 1, 1, 1, 0), 'ORDER_1')",98.82055041893396
"((0, 0, 1, 1, 0, 1, 1, 1, 0), 'ORDER_1')",140.33919621145571
"((0, 0, 1, 1, 0, 1, 1, 1, 1), 'STORE')",150.70482778538218
"((1, 0, 1, 1, 0, 0, 1, 1, 0), 'DELIVER')",235.3840112615187
"((0, 0, 1, 0, 0, 0, 1, 1, 0), 'IDLE')",142.50220076976765
"((0, 0, 1, 1, 0, 1, 1, 0, 0), 'ORDER_1')",163.73949849276434
"((0, 0, 1, 1, 0, 1, 1, 1, 0), 'DELIVER')",219.38062416435906
"((0, 1, 0, 1, 0, 0, 1, 0, 0), 'DELIVER')",187.38390199100206
"((0, 0, 0, 0, 0, 0, 1, 0, 0), 'ORDER_1')",122.72128081182493
"((0, 0, 0, 0, 0, 0, 1, 1, 0), 'DELIVER')",20.69986857323763
"((0, 0, 0, 1, 0, 0, 1, 1, 0), 'STORE')",154.45671505815287
"((0, 0, 0, 1, 0, 0, 1, 1, 0), 'DELIVER')",26.130268345981506
"((0, 1, 0, 1, 0, 0, 1, 0, 0), 'ORDER_1')",155.42755956850627
"((0, 1, 0, 1, 0, 0, 1, 1, 0), 'STORE')",130.39296185602603
"((1, 1, 0, 1, 1, 0, 0, 1, 0), 'STORE')",84.3861392507418
"((1, 1, 1, 1, 0, 0, 0, 0, 0), 'DELIVER')",203.49127538793033
"((0, 1, 1, 0, 0, 0, 0, 0, 0), 'DELIVER')",186.28095461457178
"((0, 1, 1, 0, 0, 0, 0, 0, 0), 'IDLE')",111.3906699325888
"((0, 1, 1, 1, 0, 0, 0, 0, 0), 'ORDER_1')",151.29030170871638
"((0, 1, 1, 1, 0, 0, 0, 1, 0), 'ORDER_1')",166.5367887443457
"((0, 1, 1, 1, 0, 0, 0, 1, 1), 'ORDER_1')",119.84486133228015
"((0, 1, 1, 1, 0, 1, 0, 1, 1), 'DELIVER')",225.48007867409584
"((0, 0, 1, 1, 0, 1, 0, 1, 1), 'DELIVER')",224.22188154159832
"((0, 0, 0, 0, 0, 1, 1, 0, 0), 'STORE')",147.91395835206876
"((0, 1, 0, 0, 0, 0, 1, 0, 0), 'DELIVER')",14.501412567839848
"((0, 0, 0, 0, 0, 0, 1, 1, 0), 'IDLE')",117.83316366492598
"((0, 0, 0, 1, 1, 1, 1, 1, 0), 'STORE')",113.52222717189213
"((0, 1, 0, 1, 0, 0, 1, 1, 0), 'DELIVER')",205.4439496755855
"((0, 0, 0, 0, 0, 1, 1, 0, 0), 'ORDER_1')",126.86711163663333
"((0, 1, 0, 1, 1, 0, 1, 0, 0), 'STORE')",109.6773754824554
"((1, 1, 0, 1, 0, 0, 0, 0, 0), 'DELIVER')",208.05778179207587
"((0, 1, 0, 0, 0, 0, 0, 0, 0), 'ORDER_1')",130.77222452908345
"((0, 1, 0, 1, 0, 0, 0, 1, 0), 'DELIVER')",186.0955084019285
"((1, 0, 0, 0, 0, 0, 0, 0, 0), 'IDLE')",104.54092839788268
"((1, 0, 0, 1, 0, 0, 0, 0, 0), 'IDLE')",110.75148261663962
"((1, 0, 0, 1, 0, 0, 0, 0, 0), 'DELIVER')",168.33400293523073
"((0, 0, 0, 1, 0, 0, 0, 1, 0), 'IDLE')",102.33143894534268
"((0, 0, 0, 1, 0, 1, 0, 0, 0), 'DELIVER')",-24.55574996439153
"((0, 0, 0, 1, 0, 1, 0, 0, 0), 'IDLE')",107.16922467496944
"((0, 0, 0, 1, 1, 1, 0, 0, 0), 'DELIVER')",-43.616379394655915
"((0, 0, 0, 1, 1, 1, 0, 1, 0), 'DELIVER')",-51.830439271886846
"((0, 0, 0, 1, 1, 1, 0, 1, 0), 'STORE')",100.09361827787775
"((1, 0, 0, 1, 0, 0, 1, 1, 0), 'ORDER_1')",118.57489341210866
"((1, 0, 0, 1, 1, 0, 1, 1, 1), 'STORE')",127.87310544409388
"((1, 0, 1, 1, 1, 0, 1, 1, 0), 'DELIVER')",183.66250502113238
"((0, 0, 1, 0, 0, 0, 1, 1, 0), 'ORDER_1')",114.97353186130722
"((0, 0, 0, 0, 0, 1, 1, 1, 0), 'STORE')",166.2247172045641
"((1, 0, 0, 0, 0, 0, 1, 0, 0), 'IDLE')",131.6404273817999
"((1, 0, 0, 0, 0, 0, 1, 0, 0), 'DELIVER')",177.09293520887167
"((1, 0, 0, 0, 0, 0, 1, 0, 0), 'ORDER_1')",157.25859665155966
"((0, 0, 1, 1, 0, 0, 0, 0, 0), 'IDLE')",127.4585382950045
"((0, 0, 1, 1, 1, 0, 0, 0, 0), 'ORDER_1')",127.34515124387147
"((0, 0, 1, 1, 0, 0, 0, 1, 0), 'DELIVER')",197.00993344538742
"((0, 0, 0, 1, 1, 1, 0, 0, 0), 'ORDER_1')",74.59173248485054
"((0, 0, 0, 1, 0, 1, 0, 1, 0), 'DELIVER')",24.48271501302977
"((0, 0, 0, 0, 0, 1, 1, 1, 0), 'DELIVER')",6.144185738353826
"((0, 1, 0, 1, 0, 0, 1, 0, 0), 'IDLE')",139.94550849218078
"((0, 0, 1, 1, 0, 0, 0, 1, 0), 'STORE')",165.28811980535426
"((1, 0, 1, 1, 0, 0, 0, 0, 0), 'ORDER_1')",120.46621365057032
"((1, 0, 1, 1, 1, 0, 0, 1, 0), 'STORE')",106.33533168898293
"((1, 1, 1, 1, 0, 0, 0, 0, 0), 'STORE')",132.485742614885
"((1, 1, 1, 1, 0, 0, 0, 0, 0), 'ORDER_1')",117.92817007916973
"((1, 1, 1, 1, 1, 0, 0, 1, 0), 'STORE')",101.5548531388407
"((1, 1, 1, 1, 1, 0, 0, 1, 0), 'DELIVER')",148.67681476534295
"((0, 1, 1, 0, 0, 1, 0, 0, 0), 'STORE')",130.50661549742404
"((1, 1, 1, 0, 0, 0, 0, 0, 0), 'DELIVER')",234.02461421571616
"((0, 1, 1, 0, 0, 0, 0, 0, 0), 'STORE')",125.4592395498201
"((0, 1, 1, 0, 0, 0, 0, 0, 0), 'ORDER_1')",151.45022816127448
"((0, 1, 1, 0, 0, 0, 0, 1, 0), 'STORE')",146.36171572236017
"((1, 1, 1, 1, 0, 0, 0, 1, 0), 'ORDER_1')",133.8788128574456
"((1, 1, 1, 1, 0, 0, 0, 1, 1), 'STORE')",133.05041727099825
"((0, 1, 1, 1, 0, 1, 0, 1, 0), 'STORE')",173.36631799887925
"((1, 1, 1, 1, 0, 0, 1, 0, 0), 'DELIVER')",235.71279583091408
"((0, 1, 1, 0, 0, 0, 1, 0, 0), 'STORE')",144.57851884963168
"((1, 1, 1, 0, 0, 0, 0, 0, 0), 'IDLE')",153.9661825743992
"((1, 1, 1, 1, 0, 0, 0, 0, 0), 'IDLE')",102.13849240262546
"((1, 1, 1, 1, 1, 0, 0, 0, 0), 'DELIVER')",158.48965658897475
"((0, 1, 1, 1, 0, 0, 0, 0, 0), 'DELIVER')",216.0501358104661
"((0, 0, 1, 0, 0, 0, 0, 0, 0), 'ORDER_1')",147.10716329975185
"((0, 0, 1, 0, 0, 0, 0, 1, 0), 'STORE')",163.20048886861247
"((0, 1, 1, 1, 0, 0, 0, 0, 0), 'IDLE')",100.32077377315676
"((0, 1, 1, 1, 0, 0, 0, 1, 0), 'IDLE')",149.3944865991213
"((0, 1, 1, 1, 1, 0, 0, 1, 0), 'STORE')",99.41561160644044
"((0, 1, 1, 1, 0, 1, 0, 1, 1), 'IDLE')",128.16489994235772
"((0, 1, 1, 1, 1, 1, 0, 1, 1), 'IDLE')",81.68815099186062
"((0, 0, 1, 0, 0, 1, 1, 1, 0), 'STORE')",142.19052026720834
"((1, 0, 1, 1, 0, 0, 1, 0, 0), 'ORDER_1')",167.75963440363523
"((1, 0, 1, 1, 0, 0, 1, 1, 0), 'IDLE')",167.8813879369204
"((1, 0, 1, 1, 0, 1, 1, 0, 0), 'IDLE')",133.36083464683838
"((1, 0, 1, 1, 1, 1, 1, 0, 0), 'DELIVER')",181.58017454809965
"((0, 0, 1, 0, 0, 1, 1, 0, 0), 'DELIVER')",43.682334524208585
"((0, 0, 1, 0, 0, 1, 1, 0, 0), 'STORE')",123.14253123729424
"((0, 1, 1, 0, 0, 0, 1, 0, 0), 'IDLE')",100.26406051730123
"((0, 1, 1, 1, 0, 0, 1, 0, 0), 'DELIVER')",221.62932972785734
"((0, 0, 1, 0, 0, 0, 1, 0, 0), 'IDLE')",131.52050713070184
"((0, 0, 1, 0, 0, 0, 1, 0, 0), 'ORDER_1')",107.86835468353624
"((0, 0, 1, 1, 0, 0, 1, 1, 1), 'STORE')",151.61924276392415
"((0, 1, 1, 1, 0, 0, 1, 1, 0), 'DELIVER')",194.04836493369075
"((0, 0, 1, 0, 0, 1, 1, 0, 0), 'ORDER_1')",149.7043169087367
"((0, 0, 1, 1, 0, 1, 1, 1, 0), 'STORE')",177.73102747387625
"((1, 0, 1, 1, 0, 0, 1, 1, 0), 'STORE')",124.62499356927955
"((0, 1, 1, 0, 0, 0, 1, 0, 0), 'ORDER_1')",126.29643571111819
"((0, 0, 0, 1, 1, 1, 0, 1, 0), 'IDLE')",75.94616865657807
"((0, 0, 0, 1, 0, 1, 1, 0, 0), 'DELIVER')",-2.564242721872155
"((0, 0, 0, 1, 1, 1, 1, 0, 0), 'DELIVER')",-23.019188688032294
"((0, 0, 1, 1, 1, 0, 1, 0, 0), 'ORDER_1')",143.34243334955386
"((0, 0, 1, 1, 1, 0, 1, 1, 0), 'STORE')",160.31105450823958
"((1, 0, 1, 1, 0, 0, 0, 1, 0), 'DELIVER')",221.72639668767758
"((0, 0, 1, 0, 0, 1, 0, 0, 0), 'IDLE')",136.1054587520027
"((0, 0, 1, 1, 0, 1, 0, 0, 0), 'IDLE')",147.7825695343818
"((0, 0, 1, 1, 0, 1, 0, 0, 0), 'ORDER_1')",153.47428068253586
"((0, 0, 1, 1, 0, 1, 0, 1, 0), 'DELIVER')",209.43718976242343
"((0, 0, 0, 1, 0, 1, 1, 1, 0), 'DELIVER')",3.7540541266293896
"((0, 0, 0, 1, 1, 1, 1, 1, 0), 'ORDER_1')",40.500483495668405
"((0, 1, 0, 1, 1, 0, 1, 1, 1), 'STORE')",134.9186497807559
"((0, 1, 1, 1, 1, 0, 1, 1, 0), 'STORE')",89.11997819680222
"((1, 1, 1, 1, 0, 0, 0, 1, 0), 'DELIVER')",187.37221004867715
"((0, 1, 1, 0, 0, 1, 0, 0, 0), 'DELIVER')",193.1790821175589
"((0, 0, 1, 0, 0, 1, 0, 0, 0), 'DELIVER')",32.59221299880163
"((0, 0, 1, 0, 0, 1, 0, 0, 0), 'STORE')",125.08061871241739
"((1, 0, 1, 0, 0, 0, 0, 0, 0), 'DELIVER')",194.42567711552493
"((0, 0, 1, 0, 0, 0, 0, 0, 0), 'DELIVER')",156.43224598818716
"((0, 0, 1, 0, 0, 0, 0, 0, 0), 'STORE')",105.0367579832799
"((0, 0, 1, 0, 0, 0, 0, 1, 0), 'DELIVER')",22.288084365713402
"((0, 1, 0, 0, 0, 0, 0, 1, 0), 'IDLE')",129.72787955296005
"((0, 1, 0, 0, 0, 0, 0, 1, 0), 'STORE')",138.12191477379568
"((1, 1, 0, 1, 0, 0, 0, 0, 0), 'STORE')",70.13713183998658
"((1, 1, 0, 1, 0, 0, 0, 0, 0), 'IDLE')",122.55249688039048
"((1, 1, 0, 1, 1, 0, 0, 0, 0), 'DELIVER')",119.55096005457875
"((0, 1, 0, 0, 0, 0, 0, 0, 0), 'STORE')",109.89235350650574
"((0, 0, 0, 0, 0, 1, 0, 1, 0), 'STORE')",158.67833174347805
"((0, 0, 1, 0, 0, 0, 0, 0, 0), 'IDLE')",116.2369109767755
"((0, 0, 1, 1, 0, 0, 0, 1, 0), 'ORDER_1')",158.9112594795055
"((0, 0, 0, 0, 0, 1, 0, 1, 0), 'ORDER_1')",131.86061262009622
"((1, 0, 0, 1, 0, 0, 1, 0, 0), 'DELIVER')",188.33228157088965
"((0, 0, 0, 1, 0, 0, 1, 0, 0), 'STORE')",138.67779416961523
"((0, 0, 1, 1, 1, 0, 0, 0, 0), 'DELIVER')",167.5015620759252
"((0, 0, 0, 0, 0, 0, 0, 1, 0), 'ORDER_1')",121.87160225488073
"((0, 0, 0, 0, 0, 0, 0, 1, 1), 'STORE')",146.89135189583357
"((0, 0, 1, 1, 0, 0, 0, 1, 0), 'IDLE')",131.04963732817876
"((0, 0, 0, 1, 1, 1, 1, 1, 0), 'IDLE')",54.65941013210371
"((0, 1, 0, 1, 0, 1, 0, 1, 0), 'IDLE')",158.24379879450862
"((0, 1, 0, 1, 1, 1, 0, 1, 0), 'ORDER_1')",96.13075457376732
"((0, 1, 0, 1, 0, 1, 1, 1, 0), 'ORDER_1')",136.1800167884591
"((0, 1, 0, 1, 0, 1, 1, 1, 1), 'STORE')",159.9519412466447
"((1, 1, 0, 1, 0, 0, 1, 1, 0), 'ORDER_1')",78.1959123296927
"((1, 1, 0, 1, 1, 0, 1, 1, 1), 'IDLE')",66.85587730521189
"((1, 1, 0, 1, 1, 1, 1, 1, 0), 'STORE')",138.99963080276677
"((1, 1, 1, 1, 0, 0, 1, 1, 0), 'IDLE')",136.0371774319975
"((1, 1, 1, 1, 0, 1, 1, 0, 0), 'ORDER_1')",98.69313262993481
"((0, 1, 0, 1, 1, 1, 1, 1, 0), 'ORDER_1')",66.75740022209852
"((0, 1, 0, 1, 1, 1, 1, 1, 1), 'ORDER_1')",53.250529184381236
"((0, 1, 0, 1, 0, 1, 1, 1, 1), 'IDLE')",135.4144925229617
"((0, 1, 0, 1, 0, 1, 1, 1, 1), 'DELIVER')",199.61454610825896
"((0, 1, 0, 1, 1, 0, 1, 1, 0), 'IDLE')",110.21201247953596
"((0, 1, 0, 1, 0, 1, 1, 0, 0), 'DELIVER')",204.78368364703374
"((1, 0, 0, 1, 0, 0, 1, 0, 0), 'IDLE')",140.66372657717517
"((1, 0, 1, 1, 0, 0, 0, 0, 0), 'DELIVER')",219.71842831341866
"((0, 0, 1, 1, 0, 1, 0, 0, 0), 'STORE')",148.8598638225286
"((1, 0, 1, 1, 1, 0, 0, 1, 0), 'IDLE')",106.37239285692752
"((0, 1, 1, 1, 0, 1, 0, 1, 0), 'ORDER_1')",158.4654127177594
"((0, 1, 1, 1, 0, 1, 0, 1, 1), 'STORE')",161.5524706434165
"((1, 1, 1, 1, 1, 0, 1, 1, 0), 'STORE')",119.86847966710293
"((1, 1, 1, 1, 0, 1, 1, 0, 0), 'DELIVER')",226.94261009123403
"((0, 1, 1, 1, 0, 1, 1, 0, 0), 'DELIVER')",203.84837678353793
"((0, 0, 1, 0, 0, 1, 1, 0, 0), 'IDLE')",117.79955969536817
"((0, 1, 0, 0, 0, 0, 1, 1, 0), 'ORDER_1')",144.14447297745815
"((0, 1, 0, 0, 0, 1, 1, 1, 0), 'DELIVER')",-110.12448355025343
"((1, 0, 0, 1, 0, 0, 0, 1, 0), 'STORE')",130.9126896297935
"((1, 1, 0, 1, 1, 0, 0, 0, 0), 'IDLE')",70.43448321661775
"((1, 1, 0, 1, 0, 0, 0, 0, 0), 'ORDER_1')",101.96300740482297
"((1, 1, 0, 1, 0, 0, 0, 1, 0), 'ORDER_1')",134.33606910709588
"((1, 1, 0, 1, 0, 0, 0, 1, 1), 'STORE')",171.17696450891387
"((0, 1, 1, 1, 0, 1, 0, 1, 0), 'DELIVER')",234.21655834410433
"((0, 0, 1, 0, 0, 1, 0, 1, 0), 'STORE')",118.76685471973985
"((0, 0, 1, 1, 0, 0, 1, 1, 0), 'STORE')",162.70357182465554
"((0, 0, 1, 0, 0, 0, 1, 1, 0), 'STORE')",158.9890630080587
"((1, 0, 1, 1, 0, 0, 1, 0, 0), 'IDLE')",122.37166110079892
"((1, 0, 1, 1, 0, 0, 1, 0, 0), 'STORE')",145.09597353650815
"((1, 1, 1, 1, 1, 0, 0, 1, 0), 'IDLE')",86.30742450539167
"((0, 1, 1, 0, 0, 1, 0, 1, 0), 'IDLE')",144.34469567638993
"((0, 1, 1, 1, 0, 1, 1, 0, 0), 'STORE')",127.51854222333469
"((0, 1, 1, 0, 0, 0, 1, 1, 0), 'DELIVER')",41.06160571715529
"((0, 0, 1, 0, 0, 1, 1, 1, 1), 'STORE')",150.97967634889818
"((1, 0, 1, 0, 0, 0, 1, 1, 0), 'ORDER_1')",175.56915270056632
"((1, 0, 1, 1, 0, 0, 1, 1, 1), 'IDLE')",124.90901762935039
"((1, 0, 1, 1, 0, 1, 1, 1, 0), 'ORDER_1')",69.05667533073736
"((1, 0, 1, 1, 0, 1, 1, 1, 1), 'STORE')",154.78934773496206
"((0, 0, 0, 1, 1, 0, 0, 1, 0), 'DELIVER')",-50.21213997774815
"((0, 0, 0, 1, 1, 1, 0, 1, 1), 'STORE')",118.76931180913384
"((1, 0, 0, 1, 0, 0, 1, 1, 1), 'ORDER_1')",140.79241089047696
"((1, 0, 0, 1, 0, 1, 1, 1, 1), 'ORDER_1')",73.62428012072378
"((1, 0, 0, 1, 1, 1, 1, 1, 1), 'DELIVER')",117.2104489850093
"((1, 0, 0, 1, 0, 0, 1, 0, 0), 'STORE')",115.54454905736944
"((1, 0, 1, 1, 0, 0, 0, 0, 0), 'STORE')",144.04604525348634
"((1, 0, 1, 1, 1, 0, 0, 0, 0), 'IDLE')",104.4252291970778
"((1, 0, 1, 1, 1, 0, 0, 0, 0), 'STORE')",91.74629777901069
"((1, 0, 1, 1, 0, 0, 0, 0, 0), 'IDLE')",153.89339594322124
"((1, 0, 1, 1, 1, 0, 0, 1, 0), 'ORDER_1')",127.76917436046547
"((1, 0, 1, 1, 0, 1, 0, 1, 0), 'ORDER_1')",93.74530730155661
"((1, 0, 1, 1, 0, 1, 0, 1, 1), 'ORDER_1')",128.08278100206547
"((1, 0, 1, 1, 1, 1, 1, 1, 1), 'DELIVER')",109.75336286698204
"((0, 0, 1, 1, 0, 1, 1, 1, 1), 'IDLE')",140.57965662763897
"((0, 0, 1, 1, 0, 1, 1, 1, 0), 'IDLE')",133.01804752167655
"((0, 0, 1, 1, 0, 1, 1, 0, 0), 'DELIVER')",205.94537509007796
"((1, 0, 0, 1, 1, 0, 1, 0, 0), 'ORDER_1')",95.36489722002777
"((1, 0, 0, 1, 0, 0, 1, 1, 0), 'STORE')",151.9207717024558
"((1, 0, 1, 1, 0, 1, 0, 0, 0), 'STORE')",144.0288173428689
"((1, 1, 1, 1, 1, 0, 0, 0, 0), 'IDLE')",100.96011887035088
"((1, 1, 1, 1, 1, 0, 0, 0, 0), 'STORE')",98.68871844471596
"((0, 1, 1, 1, 0, 0, 0, 1, 0), 'STORE')",144.3977314642776
"((0, 1, 1, 1, 0, 0, 0, 1, 0), 'DELIVER')",212.5382327980997
"((0, 0, 1, 1, 0, 1, 0, 0, 0), 'DELIVER')",185.70634063371313
"((0, 0, 1, 1, 0, 0, 1, 0, 0), 'IDLE')",145.17704864796525
"((0, 0, 1, 1, 0, 0, 1, 1, 0), 'IDLE')",154.67827464807533
"((0, 0, 1, 1, 0, 1, 1, 0, 0), 'IDLE')",99.8646749283875
"((0, 0, 1, 1, 1, 1, 1, 0, 0), 'DELIVER')",209.00689410208327
"((0, 0, 0, 1, 1, 1, 1, 0, 0), 'ORDER_1')",66.7807746108858
"((1, 0, 1, 1, 1, 0, 0, 0, 0), 'ORDER_1')",107.31794440033278
"((1, 0, 1, 1, 0, 0, 0, 1, 0), 'ORDER_1')",177.0033460294933
"((1, 0, 1, 1, 0, 0, 0, 1, 1), 'DELIVER')",220.3519519047037
"((0, 0, 0, 0, 0, 1, 1, 1, 1), 'DELIVER')",-19.5191164702413
"((1, 0, 0, 1, 0, 1, 1, 1, 0), 'DELIVER')",220.75040225553795
"((0, 1, 0, 1, 1, 0, 1, 1, 1), 'IDLE')",112.79713320177589
"((0, 1, 0, 1, 0, 1, 1, 1, 1), 'ORDER_1')",124.03730348480471
"((1, 1, 0, 1, 1, 0, 1, 1, 1), 'STORE')",103.93037935114371
"((1, 1, 1, 1, 1, 0, 1, 1, 0), 'IDLE')",175.0935380129297
"((1, 1, 1, 1, 0, 1, 1, 1, 0), 'IDLE')",71.0088747206823
"((1, 1, 1, 1, 1, 1, 1, 1, 0), 'ORDER_1')",43.10665063762084
"((1, 1, 1, 1, 1, 1, 1, 1, 0), 'DELIVER')",231.55985142683093
"((0, 1, 1, 0, 0, 1, 1, 1, 0), 'STORE')",94.4064801702727
"((1, 1, 1, 0, 0, 0, 1, 0, 0), 'IDLE')",151.8450642776218
"((0, 0, 0, 1, 0, 0, 0, 1, 1), 'DELIVER')",-13.429140536273977
"((1, 1, 1, 1, 1, 0, 0, 0, 0), 'ORDER_1')",71.16685788224392
"((0, 1, 1, 0, 0, 0, 0, 1, 0), 'DELIVER')",187.60570337573355
"((0, 1, 1, 0, 0, 1, 0, 0, 0), 'ORDER_1')",100.39276705561784
"((1, 1, 1, 1, 0, 0, 0, 1, 0), 'IDLE')",120.0329070917581
"((1, 1, 1, 1, 0, 1, 0, 0, 0), 'IDLE')",125.6954769404538
"((1, 1, 1, 1, 0, 1, 0, 0, 0), 'STORE')",86.4075742816517
"((1, 1, 1, 1, 1, 1, 0, 0, 0), 'IDLE')",78.22829289651777
"((1, 1, 1, 1, 0, 1, 0, 0, 0), 'DELIVER')",197.45619915906863
"((0, 0, 1, 0, 0, 1, 0, 0, 0), 'ORDER_1')",106.51784072325766
"((0, 1, 1, 0, 0, 0, 0, 1, 0), 'ORDER_1')",167.81610856348996
"((0, 1, 1, 0, 0, 1, 0, 1, 0), 'ORDER_1')",150.09049741656904
"((0, 0, 1, 1, 0, 1, 1, 1, 1), 'DELIVER')",195.71669181939856
"((0, 1, 0, 1, 0, 0, 1, 1, 0), 'IDLE')",154.24839831158235
"((0, 1, 0, 1, 0, 1, 1, 0, 0), 'STORE')",165.99219359141975
"((0, 1, 1, 1, 1, 0, 1, 0, 0), 'ORDER_1')",117.66131228314488
"((0, 1, 1, 1, 0, 0, 1, 1, 0), 'IDLE')",165.6010822379943
"((0, 1, 1, 1, 0, 0, 1, 1, 0), 'ORDER_1')",102.9808402078871
"((0, 1, 1, 1, 1, 1, 1, 1, 0), 'STORE')",95.17786384690565
"((1, 1, 1, 1, 1, 0, 1, 0, 0), 'ORDER_1')",90.0276006252569
"((1, 1, 1, 1, 0, 0, 1, 1, 0), 'STORE')",132.7144384572399
"((1, 1, 1, 1, 1, 1, 1, 0, 0), 'IDLE')",166.11691055758064
"((1, 1, 1, 1, 0, 1, 1, 1, 0), 'STORE')",116.73138095275411
"((1, 1, 1, 1, 1, 1, 1, 1, 0), 'STORE')",147.43921744076613
"((1, 1, 1, 1, 0, 1, 1, 1, 0), 'DELIVER')",226.9765381253718
"((1, 1, 1, 1, 0, 0, 1, 0, 0), 'STORE')",151.96691913924116
"((1, 1, 1, 1, 1, 1, 1, 0, 0), 'ORDER_1')",65.9323915444459
"((0, 1, 1, 0, 0, 1, 1, 0, 0), 'DELIVER')",199.15861695671543
"((0, 0, 1, 0, 0, 1, 1, 1, 0), 'IDLE')",158.47635614697845
"((1, 0, 1, 1, 0, 0, 1, 1, 0), 'ORDER_1')",111.8092804293548
"((1, 0, 1, 1, 0, 1, 1, 1, 0), 'IDLE')",125.24268889545824
"((1, 0, 1, 1, 1, 1, 1, 1, 0), 'STORE')",172.92837507269468
"((1, 1, 1, 1, 1, 0, 1, 1, 0), 'DELIVER')",252.89055530667832
"((0, 0, 1, 1, 0, 1, 1, 0, 0), 'STORE')",132.37475667492726
"((1, 0, 1, 1, 1, 0, 1, 0, 0), 'IDLE')",118.26184666492554
"((0, 0, 1, 0, 0, 0, 1, 1, 0), 'DELIVER')",12.639050080157517
"((0, 0, 1, 0, 0, 0, 1, 0, 0), 'STORE')",140.9248368689556
"((0, 0, 1, 1, 1, 0, 0, 1, 0), 'STORE')",105.34818053913031
"((0, 1, 1, 1, 0, 0, 0, 0, 0), 'STORE')",134.5452187119811
"((0, 0, 1, 1, 0, 0, 0, 0, 0), 'DELIVER')",171.4864395784978
"((0, 1, 0, 1, 0, 0, 0, 1, 1), 'STORE')",177.3281432128632
"((0, 1, 1, 1, 1, 0, 0, 1, 0), 'ORDER_1')",128.63559266098355
"((0, 1, 1, 1, 0, 1, 0, 1, 0), 'IDLE')",108.87832360018395
"((1, 0, 1, 1, 0, 0, 1, 0, 0), 'DELIVER')",222.94535653749548
"((1, 0, 0, 0, 0, 0, 1, 1, 0), 'STORE')",172.60062157940501
"((1, 0, 1, 0, 0, 0, 1, 0, 0), 'DELIVER')",9.857762071707484
"((0, 0, 1, 0, 0, 0, 0, 1, 0), 'IDLE')",147.23252412254885
"((0, 0, 1, 1, 0, 1, 0, 1, 0), 'IDLE')",152.72725894253608
"((0, 0, 1, 1, 0, 1, 0, 1, 0), 'ORDER_1')",156.33696375693967
"((0, 0, 1, 1, 1, 1, 1, 1, 0), 'ORDER_1')",67.75840722409075
"((0, 0, 0, 1, 1, 1, 1, 0, 0), 'STORE')",113.80255313743983
"((1, 0, 0, 1, 1, 0, 1, 0, 0), 'IDLE')",95.16322446782135
"((1, 1, 1, 1, 1, 1, 0, 0, 0), 'DELIVER')",169.62034486660207
"((1, 1, 1, 0, 0, 0, 0, 0, 0), 'ORDER_1')",147.2360546544208
"((1, 1, 1, 0, 0, 0, 0, 1, 0), 'ORDER_1')",153.27779543251015
"((1, 1, 1, 1, 0, 1, 0, 1, 0), 'IDLE')",104.00619735765972
"((1, 1, 1, 1, 1, 1, 1, 1, 0), 'IDLE')",94.61383398833898
"((0, 1, 1, 0, 0, 1, 1, 0, 0), 'ORDER_1')",140.33263862143042
"((0, 1, 1, 0, 0, 1, 1, 1, 0), 'DELIVER')",197.84092414756788
"((0, 0, 0, 0, 0, 1, 1, 1, 1), 'STORE')",137.68743077762323
"((0, 0, 1, 1, 0, 0, 1, 1, 0), 'DELIVER')",206.24220696950252
"((0, 0, 0, 0, 0, 0, 1, 1, 0), 'ORDER_1')",129.21293475468244
"((0, 0, 0, 1, 0, 1, 1, 1, 1), 'ORDER_1')",104.52489042698674
"((1, 1, 0, 1, 0, 0, 1, 1, 0), 'DELIVER')",248.88763650448328
"((0, 1, 0, 0, 0, 1, 1, 0, 0), 'ORDER_1')",131.3298035523795
"((0, 1, 0, 0, 0, 1, 1, 1, 0), 'STORE')",162.06958351721357
"((0, 1, 0, 1, 0, 1, 0, 0, 0), 'IDLE')",140.13848309911202
"((0, 1, 0, 1, 1, 1, 0, 0, 0), 'IDLE')",90.227191252741
"((0, 1, 0, 1, 1, 1, 0, 0, 0), 'ORDER_1')",86.31740696921212
"((0, 1, 0, 1, 0, 1, 0, 1, 0), 'STORE')",163.12172756684777
"((0, 1, 1, 1, 1, 1, 0, 1, 0), 'IDLE')",98.46775744274234
"((0, 1, 1, 1, 1, 1, 0, 1, 0), 'ORDER_1')",106.17543026999519
"((0, 0, 1, 1, 0, 0, 1, 1, 0), 'ORDER_1')",92.56574733130356
"((1, 0, 1, 1, 1, 0, 1, 1, 0), 'ORDER_1')",75.42287198245585
"((1, 0, 1, 1, 0, 1, 1, 1, 0), 'DELIVER')",248.73442192846656
"((0, 0, 0, 1, 0, 1, 1, 1, 1), 'IDLE')",99.28943172944801
"((1, 1, 0, 1, 1, 0, 0, 1, 1), 'DELIVER')",192.40346640957532
"((0, 1, 0, 1, 0, 1, 0, 1, 0), 'ORDER_1')",120.78295967470899
"((0, 1, 0, 1, 0, 1, 0, 1, 1), 'IDLE')",121.2731746794453
"((0, 1, 0, 1, 1, 1, 1, 1, 1), 'DELIVER')",158.60424641721568
"((0, 0, 0, 1, 1, 1, 1, 1, 1), 'STORE')",129.0225745829244
"((0, 0, 1, 1, 0, 0, 0, 1, 1), 'DELIVER')",216.4627625436129
"((0, 0, 0, 0, 0, 1, 0, 1, 1), 'DELIVER')",1.721310552582928
"((0, 1, 0, 1, 0, 1, 0, 0, 0), 'STORE')",146.02803184093054
"((0, 0, 1, 1, 0, 0, 0, 0, 0), 'ORDER_1')",147.5330176945376
"((0, 0, 1, 1, 1, 0, 0, 1, 0), 'ORDER_1')",104.64953318298781
"((0, 0, 1, 1, 0, 1, 0, 1, 1), 'IDLE')",109.12165679240834
"((0, 0, 1, 1, 1, 1, 1, 1, 1), 'DELIVER')",134.09339357781002
"((0, 0, 1, 1, 0, 0, 1, 0, 0), 'ORDER_1')",159.35428966645395
"((0, 1, 0, 1, 1, 1, 1, 0, 0), 'IDLE')",113.01332568067036
"((0, 1, 0, 1, 1, 1, 1, 0, 0), 'ORDER_1')",95.6789480420942
"((1, 1, 0, 1, 1, 0, 1, 1, 0), 'IDLE')",120.48240952396468
"((1, 1, 0, 1, 1, 0, 1, 1, 0), 'ORDER_1')",14.85193608671814
"((1, 1, 0, 1, 0, 1, 1, 1, 0), 'DELIVER')",225.8471267716671
"((0, 1, 0, 1, 0, 1, 1, 0, 0), 'ORDER_1')",162.98674620445846
"((0, 1, 0, 1, 1, 1, 1, 1, 0), 'DELIVER')",193.90753911400563
"((1, 0, 1, 0, 0, 0, 0, 0, 0), 'IDLE')",119.83691169732936
"((1, 0, 1, 1, 1, 1, 0, 1, 0), 'DELIVER')",181.9788340121374
"((0, 0, 1, 0, 0, 1, 0, 1, 0), 'IDLE')",144.79378337360035
"((1, 0, 1, 0, 0, 0, 1, 0, 0), 'ORDER_1')",143.5818639077383
"((1, 0, 1, 0, 0, 0, 1, 1, 0), 'IDLE')",111.66695471539734
"((1, 0, 1, 1, 0, 1, 1, 0, 0), 'ORDER_1')",90.89102063749604
"((1, 0, 1, 1, 1, 1, 1, 1, 1), 'STORE')",153.7598926358899
"((1, 1, 1, 1, 0, 0, 1, 1, 0), 'ORDER_1')",154.5751711795065
"((1, 1, 1, 1, 0, 0, 1, 1, 1), 'STORE')",124.04625061477496
"((0, 1, 1, 1, 0, 1, 1, 1, 1), 'IDLE')",121.65243539181546
"((0, 1, 1, 1, 0, 1, 1, 1, 0), 'STORE')",160.7983650764436
"((1, 1, 1, 1, 0, 0, 1, 1, 1), 'ORDER_1')",125.33556520507622
"((1, 1, 1, 1, 0, 1, 1, 1, 1), 'DELIVER')",211.75468805448608
"((0, 1, 1, 1, 0, 1, 1, 1, 1), 'DELIVER')",199.56549759175553
"((1, 1, 0, 1, 0, 0, 1, 0, 0), 'DELIVER')",224.07410089683466
"((0, 1, 0, 0, 0, 0, 1, 0, 0), 'STORE')",144.73823634091838
"((1, 1, 0, 0, 0, 0, 0, 0, 0), 'IDLE')",124.09291842167124
"((0, 0, 0, 1, 0, 0, 0, 1, 1), 'ORDER_1')",122.91291865567032
"((1, 0, 0, 1, 0, 0, 0, 1, 1), 'IDLE')",153.94054826855685
"((1, 0, 0, 1, 0, 1, 0, 1, 0), 'ORDER_1')",160.43036382019804
"((1, 0, 0, 1, 0, 1, 1, 1, 0), 'STORE')",179.25736599118034
"((0, 0, 1, 0, 0, 0, 1, 0, 0), 'DELIVER')",174.20193047074568
"((0, 0, 1, 0, 0, 0, 0, 1, 0), 'ORDER_1')",131.40245013294611
"((0, 0, 0, 1, 1, 0, 0, 1, 0), 'ORDER_1')",89.4466065620333
"((1, 0, 1, 1, 1, 0, 0, 0, 0), 'DELIVER')",154.80308128612452
"((0, 0, 1, 1, 0, 0, 0, 0, 0), 'STORE')",117.45058335220574
"((0, 0, 1, 1, 1, 0, 0, 1, 0), 'IDLE')",96.75407712587948
"((0, 0, 0, 1, 0, 1, 0, 1, 1), 'STORE')",153.3946034041208
"((0, 1, 0, 1, 0, 0, 1, 1, 1), 'STORE')",132.33924716099943
"((1, 1, 0, 1, 1, 0, 1, 1, 0), 'DELIVER')",172.27285581704976
"((1, 1, 0, 1, 0, 0, 1, 0, 0), 'STORE')",144.5120233493576
"((1, 1, 1, 1, 0, 0, 0, 1, 0), 'STORE')",90.50765156677947
"((0, 1, 1, 1, 0, 1, 0, 0, 0), 'ORDER_1')",165.96398056284295
"((1, 0, 0, 1, 0, 0, 0, 1, 1), 'STORE')",176.10483694084863
"((1, 0, 0, 0, 0, 0, 0, 0, 0), 'ORDER_1')",140.81320308427183
"((1, 0, 0, 0, 0, 0, 0, 1, 0), 'IDLE')",138.42430694984938
"((1, 0, 0, 1, 0, 0, 0, 1, 0), 'IDLE')",141.16869401418276
"((1, 0, 0, 1, 0, 1, 0, 0, 0), 'IDLE')",133.80491022553042
"((1, 0, 0, 1, 0, 1, 0, 0, 0), 'ORDER_1')",159.89764004187992
"((1, 0, 0, 1, 0, 1, 0, 1, 0), 'IDLE')",113.12775036040335
"((0, 0, 0, 1, 1, 1, 0, 1, 0), 'ORDER_1')",53.00416090933041
"((0, 0, 0, 1, 0, 1, 0, 1, 1), 'IDLE')",90.76817177415938
"((0, 1, 0, 1, 0, 0, 0, 0, 0), 'STORE')",109.85657458770254
"((0, 1, 0, 1, 1, 0, 0, 1, 0), 'STORE')",105.79345716066373
"((0, 0, 0, 0, 0, 0, 0, 1, 0), 'DELIVER')",9.88066358742008
"((0, 0, 0, 1, 0, 1, 0, 0, 0), 'STORE')",130.7091775204784
"((0, 1, 0, 1, 1, 0, 0, 1, 1), 'DELIVER')",158.2889346420493
"((1, 0, 0, 1, 1, 0, 0, 1, 0), 'DELIVER')",143.17953176804187
"((0, 0, 1, 1, 1, 1, 0, 0, 0), 'STORE')",92.39646816454565
"((1, 0, 1, 1, 0, 1, 0, 1, 0), 'DELIVER')",243.3893618600994
"((0, 0, 1, 0, 0, 1, 0, 1, 0), 'DELIVER')",9.660541215841242
"((0, 0, 1, 1, 1, 1, 0, 1, 0), 'ORDER_1')",105.55894735403132
"((0, 0, 1, 1, 1, 1, 1, 1, 0), 'STORE')",123.54363662951488
"((0, 0, 0, 1, 1, 0, 0, 1, 1), 'ORDER_1')",54.68400077701916
"((0, 0, 0, 1, 0, 1, 0, 1, 1), 'DELIVER')",-14.684417292186822
"((1, 0, 0, 1, 0, 0, 1, 1, 1), 'DELIVER')",216.40176126379407
"((1, 0, 0, 1, 0, 0, 1, 1, 0), 'IDLE')",112.00084300379191
"((1, 0, 0, 1, 1, 1, 1, 0, 0), 'STORE')",121.20051854275134
"((0, 1, 1, 1, 1, 0, 0, 0, 0), 'DELIVER')",144.91996371628133
"((0, 1, 1, 1, 1, 0, 0, 0, 0), 'ORDER_1')",116.36621709160481
"((0, 1, 1, 1, 1, 1, 0, 1, 0), 'STORE')",91.67942932429
"((1, 1, 1, 1, 1, 0, 1, 0, 0), 'DELIVER')",140.01312169906916
"((0, 1, 1, 0, 0, 0, 1, 0, 0), 'DELIVER')",61.41544348910773
"((1, 0, 1, 0, 0, 0, 0, 0, 0), 'STORE')",139.93627933636384
"((0, 1, 0, 1, 1, 0, 1, 1, 0), 'ORDER_1')",116.17684855408324
"((0, 1, 0, 1, 0, 1, 1, 1, 0), 'DELIVER')",220.27462520812438
"((1, 1, 1, 1, 0, 1, 1, 0, 0), 'IDLE')",107.35080948902635
"((1, 1, 1, 1, 1, 1, 1, 0, 0), 'DELIVER')",247.5667585440829
"((1, 1, 1, 1, 1, 0, 1, 1, 1), 'STORE')",99.30893994769582
"((0, 1, 1, 0, 0, 1, 1, 1, 0), 'IDLE')",147.31076102794523
"((0, 0, 0, 1, 0, 0, 1, 1, 1), 'IDLE')",78.54300874421196
"((0, 0, 1, 1, 1, 0, 1, 1, 0), 'IDLE')",95.3090431166224
"((1, 0, 1, 1, 1, 0, 1, 1, 0), 'STORE')",116.53331250392328
"((1, 1, 1, 1, 1, 0, 1, 0, 0), 'IDLE')",74.29996742703096
"((0, 0, 1, 1, 0, 0, 0, 1, 1), 'ORDER_1')",157.3728701112138
"((0, 0, 1, 1, 0, 1, 0, 1, 1), 'ORDER_1')",132.26484700356883
"((0, 0, 1, 1, 1, 1, 1, 1, 1), 'STORE')",117.17933096406682
"((0, 1, 1, 1, 1, 0, 0, 0, 0), 'IDLE')",95.10625457051437
"((0, 1, 1, 1, 1, 0, 0, 1, 0), 'DELIVER')",170.89731397261363
"((0, 0, 1, 1, 0, 1, 0, 1, 0), 'STORE')",127.20605306552606
"((1, 0, 1, 1, 1, 0, 1, 0, 0), 'DELIVER')",173.34706856537832
"((0, 0, 1, 0, 0, 0, 1, 1, 1), 'ORDER_1')",127.66426210133588
"((0, 0, 1, 1, 0, 0, 1, 1, 1), 'DELIVER')",219.1055947429012
"((1, 1, 0, 1, 0, 0, 1, 0, 0), 'IDLE')",138.00700466590473
"((0, 1, 0, 1, 0, 0, 1, 0, 0), 'STORE')",154.5767509654227
"((1, 1, 0, 1, 0, 0, 0, 1, 0), 'IDLE')",143.44089388172955
"((1, 0, 0, 1, 1, 0, 0, 0, 0), 'IDLE')",65.76624263269255
"((1, 0, 0, 1, 0, 0, 0, 0, 0), 'ORDER_1')",142.22301811251737
"((1, 0, 0, 1, 0, 0, 0, 1, 0), 'ORDER_1')",154.29440757604667
"((1, 0, 0, 1, 1, 0, 0, 1, 1), 'DELIVER')",164.61456850904096
"((1, 0, 0, 1, 0, 1, 0, 1, 0), 'STORE')",166.89491802498023
"((1, 0, 1, 1, 0, 1, 0, 0, 0), 'DELIVER')",220.3512230252903
"((0, 1, 1, 0, 0, 1, 0, 0, 0), 'IDLE')",146.4986386153805
"((1, 1, 1, 1, 0, 1, 0, 1, 0), 'ORDER_1')",158.172416659423
"((1, 1, 1, 1, 0, 1, 0, 1, 1), 'STORE')",134.64997763256696
"((1, 1, 1, 1, 0, 1, 1, 1, 0), 'ORDER_1')",139.10408319094907
"((0, 1, 1, 0, 0, 0, 0, 1, 0), 'IDLE')",141.66689724495671
"((0, 1, 1, 1, 0, 1, 0, 0, 0), 'STORE')",161.17870912474973
"((1, 1, 1, 1, 0, 1, 0, 1, 0), 'STORE')",131.29534861961434
"((1, 1, 1, 1, 1, 1, 1, 1, 1), 'ORDER_1')",115.62681518292669
"((1, 1, 1, 1, 0, 1, 1, 1, 1), 'IDLE')",59.05741071241347
"((1, 1, 1, 1, 0, 1, 1, 1, 1), 'STORE')",91.06992722562542
"((1, 1, 1, 1, 0, 1, 1, 0, 0), 'STORE')",107.01907303133399
"((1, 0, 1, 1, 1, 0, 0, 1, 1), 'ORDER_1')",99.17923439070623
"((1, 0, 1, 1, 0, 1, 0, 1, 1), 'IDLE')",176.96269759567235
"((1, 0, 1, 1, 0, 1, 1, 1, 0), 'STORE')",87.97605255665303
"((1, 1, 1, 1, 1, 0, 1, 0, 0), 'STORE')",109.26300335228052
"((0, 1, 1, 1, 1, 1, 1, 0, 0), 'STORE')",121.8912367848305
"((1, 1, 1, 1, 0, 0, 1, 0, 0), 'IDLE')",154.93233653706048
"((1, 0, 1, 0, 0, 0, 1, 1, 0), 'STORE')",134.3917124809179
"((1, 1, 1, 0, 0, 0, 1, 0, 0), 'DELIVER')",215.36641886084877
"((0, 1, 0, 1, 0, 0, 0, 1, 0), 'STORE')",92.51785684408787
"((0, 1, 1, 1, 1, 0, 0, 0, 0), 'STORE')",75.34624112979233
"((0, 1, 1, 1, 1, 0, 0, 1, 0), 'IDLE')",105.66686296857964
"((0, 1, 1, 1, 0, 1, 0, 0, 0), 'DELIVER')",208.1891308395263
"((0, 0, 0, 1, 1, 1, 1, 1, 0), 'DELIVER')",-53.17398668209261
"((0, 0, 0, 1, 1, 1, 1, 0, 0), 'IDLE')",117.6434680823601
"((0, 0, 0, 1, 1, 0, 1, 0, 0), 'STORE')",84.33494372265119
"((0, 0, 0, 1, 1, 0, 0, 1, 0), 'IDLE')",58.89670109491901
"((1, 0, 0, 1, 1, 0, 0, 1, 0), 'STORE')",92.23859140288873
"((1, 1, 0, 1, 0, 0, 0, 1, 0), 'STORE')",101.71038375381745
"((1, 1, 0, 1, 1, 0, 0, 1, 0), 'IDLE')",102.32971628634498
"((1, 1, 1, 1, 1, 1, 0, 1, 0), 'ORDER_1')",76.79337648837928
"((1, 1, 1, 1, 0, 1, 0, 1, 1), 'DELIVER')",235.20393605605904
"((1, 1, 1, 0, 0, 0, 1, 1, 0), 'ORDER_1')",114.13085013474063
"((1, 1, 1, 0, 0, 0, 1, 0, 0), 'ORDER_1')",172.50686879088474
"((0, 1, 1, 1, 0, 1, 1, 1, 1), 'STORE')",122.8714612494991
"((0, 1, 1, 1, 0, 0, 1, 1, 0), 'STORE')",132.05807715000998
"((0, 1, 1, 1, 0, 0, 1, 0, 0), 'IDLE')",122.80678077825071
"((0, 1, 1, 1, 0, 0, 1, 0, 0), 'ORDER_1')",118.28438282692551
"((0, 0, 1, 1, 1, 1, 1, 1, 1), 'IDLE')",88.42008033382277
"((0, 1, 0, 1, 1, 0, 0, 1, 0), 'DELIVER')",136.12128826965795
"((0, 1, 1, 1, 0, 0, 0, 1, 1), 'IDLE')",142.04307116784946
"((0, 1, 1, 1, 0, 0, 0, 1, 1), 'DELIVER')",200.0623371953282
"((0, 0, 1, 0, 0, 1, 0, 1, 0), 'ORDER_1')",163.88230184097873
"((0, 0, 1, 0, 0, 1, 0, 1, 1), 'DELIVER')",194.25883582646355
"((0, 1, 1, 0, 0, 0, 1, 1, 0), 'STORE')",178.15363205976104
"((1, 1, 1, 0, 0, 0, 1, 0, 0), 'STORE')",156.37708905403395
"((1, 1, 1, 0, 0, 0, 1, 1, 0), 'STORE')",169.81293334969513
"((1, 1, 1, 1, 0, 1, 1, 1, 1), 'ORDER_1')",124.15533057792474
"((1, 1, 1, 1, 1, 1, 1, 1, 1), 'STORE')",48.39771939666633
"((1, 0, 1, 0, 0, 0, 1, 1, 0), 'DELIVER')",34.66276606605524
"((1, 0, 1, 0, 0, 1, 1, 0, 0), 'STORE')",-20
"((1, 1, 1, 1, 0, 0, 1, 1, 1), 'DELIVER')",223.37359142919053
"((1, 1, 1, 1, 0, 0, 1, 1, 1), 'IDLE')",113.78868889948066
"((1, 1, 0, 1, 1, 0, 0, 0, 0), 'STORE')",65.24597534909832
"((1, 0, 0, 1, 1, 0, 0, 0, 0), 'DELIVER')",157.39223051454576
"((1, 0, 0, 0, 0, 0, 0, 1, 0), 'DELIVER')",189.60141683147955
"((0, 0, 0, 0, 0, 0, 0, 1, 1), 'DELIVER')",18.50727328981833
"((0, 0, 0, 0, 0, 1, 0, 1, 0), 'IDLE')",122.98126725748448
"((0, 1, 0, 1, 1, 0, 1, 1, 0), 'DELIVER')",211.50084328601952
"((0, 1, 0, 0, 0, 0, 1, 0, 0), 'ORDER_1')",160.01834089838889
"((0, 1, 0, 0, 0, 0, 1, 1, 1), 'STORE')",-10
"((0, 1, 0, 0, 0, 0, 1, 1, 0), 'DELIVER')",207.4773465057255
"((0, 1, 0, 0, 0, 1, 1, 0, 0), 'STORE')",164.39381547946059
"((1, 1, 1, 1, 0, 0, 0, 1, 1), 'ORDER_1')",116.27426823764449
"((0, 1, 1, 1, 0, 0, 1, 1, 1), 'STORE')",128.66219596521168
"((0, 0, 1, 1, 1, 0, 0, 1, 1), 'DELIVER')",40
"((0, 0, 0, 0, 0, 1, 0, 1, 1), 'ORDER_1')",107.97452150836452
"((0, 0, 1, 1, 1, 0, 1, 1, 0), 'DELIVER')",164.0370827034554
"((0, 0, 1, 1, 0, 0, 1, 0, 0), 'STORE')",117.46706986732245
"((0, 0, 1, 1, 1, 0, 1, 0, 0), 'IDLE')",103.39330021825467
"((0, 1, 0, 1, 0, 0, 0, 0, 0), 'IDLE')",119.63355611955816
"((0, 1, 0, 1, 1, 0, 0, 0, 0), 'STORE')",74.14246405222278
"((0, 0, 0, 1, 1, 0, 0, 0, 0), 'STORE')",21.198142577516727
"((0, 0, 0, 1, 1, 1, 0, 0, 0), 'IDLE')",69.98039109570377
"((1, 0, 1, 1, 1, 1, 0, 1, 0), 'ORDER_1')",113.48424168446822
"((1, 0, 1, 1, 1, 1, 0, 1, 1), 'DELIVER')",151.80411072225405
"((1, 0, 0, 1, 1, 1, 0, 1, 0), 'IDLE')",118.84296016305112
"((1, 0, 0, 1, 0, 1, 0, 1, 0), 'DELIVER')",204.65181149838574
"((0, 0, 1, 1, 1, 0, 0, 0, 0), 'STORE')",67.30623558495326
"((0, 0, 1, 1, 1, 0, 0, 0, 0), 'IDLE')",78.5736617063872
"((1, 0, 0, 1, 0, 1, 0, 1, 1), 'ORDER_1')",119.85790947708846
"((1, 0, 0, 1, 1, 1, 1, 1, 1), 'ORDER_1')",51.59802646209285
"((1, 0, 0, 1, 0, 1, 1, 1, 1), 'STORE')",181.35196317863316
"((0, 1, 0, 0, 0, 1, 1, 0, 0), 'IDLE')",121.36970751092316
"((1, 1, 0, 1, 0, 0, 1, 0, 0), 'ORDER_1')",156.09029438137162
"((1, 1, 0, 1, 0, 0, 1, 1, 0), 'IDLE')",172.57562822916424
"((1, 1, 0, 1, 1, 1, 1, 0, 0), 'ORDER_1')",115.87706841037863
"((0, 1, 0, 1, 0, 1, 1, 0, 0), 'IDLE')",158.91681538261298
"((0, 0, 0, 0, 0, 1, 1, 1, 1), 'ORDER_1')",104.83177333970269
"((0, 0, 0, 0, 0, 1, 0, 1, 1), 'IDLE')",122.25222820698127
"((1, 0, 0, 1, 1, 0, 1, 1, 1), 'IDLE')",155.25097455605288
"((1, 0, 0, 1, 1, 0, 0, 1, 0), 'IDLE')",97.89932588992087
"((1, 0, 0, 1, 1, 1, 0, 0, 0), 'ORDER_1')",110.77080241068332
"((1, 1, 0, 1, 1, 1, 0, 0, 0), 'DELIVER')",169.7867774034002
"((0, 1, 0, 1, 0, 1, 0, 0, 0), 'DELIVER')",187.5961694642788
"((0, 0, 1, 1, 0, 1, 1, 1, 1), 'ORDER_1')",75.96830095590289
"((0, 1, 0, 1, 0, 0, 1, 1, 1), 'ORDER_1')",138.16394794469326
"((0, 0, 1, 0, 0, 0, 1, 1, 1), 'IDLE')",126.59466415895184
"((0, 0, 0, 0, 0, 1, 1, 1, 1), 'IDLE')",105.54439731085652
"((0, 1, 0, 1, 1, 1, 1, 1, 1), 'IDLE')",62.01417486392057
"((0, 1, 0, 1, 0, 1, 1, 1, 0), 'IDLE')",153.78195184044756
"((1, 1, 0, 1, 1, 0, 1, 0, 0), 'DELIVER')",225.3722519076131
"((1, 1, 0, 1, 1, 1, 0, 0, 0), 'ORDER_1')",155.65647553034185
"((1, 1, 0, 1, 0, 1, 0, 1, 0), 'DELIVER')",236.07453340794677
"((0, 1, 0, 0, 0, 1, 0, 1, 0), 'DELIVER')",194.76934967770254
"((1, 0, 0, 1, 1, 0, 1, 1, 1), 'ORDER_1')",82.08023403576328
"((1, 0, 0, 1, 0, 1, 1, 1, 1), 'DELIVER')",140.0886766516279
"((0, 0, 0, 1, 0, 0, 1, 1, 0), 'IDLE')",120.33266007984162
"((1, 1, 0, 1, 1, 1, 0, 1, 0), 'ORDER_1')",51.47493859317241
"((1, 1, 0, 1, 1, 1, 0, 1, 1), 'IDLE')",-70
"((1, 1, 0, 1, 0, 1, 1, 1, 0), 'STORE')",140.40216158354488
"((0, 1, 0, 1, 1, 0, 0, 1, 0), 'IDLE')",96.54725456195291
"((0, 1, 0, 1, 1, 1, 0, 1, 0), 'STORE')",118.92585828022455
"((1, 1, 0, 1, 1, 0, 1, 0, 0), 'ORDER_1')",118.9983429142882
"((1, 0, 0, 1, 1, 0, 1, 1, 0), 'IDLE')",146.57218084023864
"((1, 0, 0, 1, 1, 1, 1, 0, 0), 'ORDER_1')",89.90613853250154
"((1, 0, 0, 1, 0, 1, 1, 1, 0), 'ORDER_1')",77.78263073120432
"((1, 0, 0, 1, 1, 1, 1, 1, 1), 'IDLE')",86.30958360876514
"((0, 1, 1, 1, 1, 0, 1, 1, 0), 'ORDER_1')",111.46257517947103
"((0, 1, 1, 1, 0, 0, 1, 1, 1), 'IDLE')",138.98742742337342
"((0, 1, 1, 1, 1, 1, 1, 1, 1), 'IDLE')",99.45101818911007
"((1, 1, 1, 1, 1, 0, 0, 1, 1), 'ORDER_1')",64.13617396504391
"((1, 1, 1, 1, 0, 1, 0, 1, 1), 'IDLE')",115.56294179383745
"((1, 1, 1, 1, 0, 1, 0, 1, 1), 'ORDER_1')",145.75231588807011
"((1, 0, 0, 1, 1, 0, 0, 0, 0), 'ORDER_1')",93.1530874608168
"((1, 0, 0, 1, 1, 1, 0, 0, 0), 'DELIVER')",122.43182208753929
"((0, 0, 0, 0, 0, 0, 0, 1, 1), 'ORDER_1')",135.0887133269115
"((0, 0, 0, 1, 0, 1, 0, 1, 1), 'ORDER_1')",126.37148887411733
"((0, 1, 1, 1, 1, 0, 1, 0, 0), 'STORE')",109.36661624337269
"((1, 1, 1, 1, 1, 1, 0, 1, 0), 'DELIVER')",148.62007009085144
"((1, 1, 1, 0, 0, 0, 0, 1, 0), 'IDLE')",147.1711721075826
"((1, 0, 0, 1, 0, 0, 0, 0, 0), 'STORE')",105.37891033916858
"((0, 0, 0, 1, 1, 0, 0, 0, 0), 'IDLE')",35.71846730699105
"((1, 0, 0, 1, 1, 0, 0, 1, 0), 'ORDER_1')",108.76962827120104
"((1, 0, 1, 1, 1, 1, 0, 1, 1), 'IDLE')",99.59243049474279
"((1, 0, 1, 1, 0, 1, 1, 1, 1), 'ORDER_1')",58.2678278233373
"((1, 1, 0, 1, 0, 0, 1, 1, 0), 'STORE')",139.9507218825396
"((1, 1, 1, 1, 1, 1, 0, 0, 0), 'STORE')",140.32902391979542
"((1, 1, 1, 1, 0, 1, 0, 0, 0), 'ORDER_1')",165.27614717950823
"((1, 0, 1, 0, 0, 0, 1, 0, 0), 'IDLE')",162.30488028366852
"((0, 1, 1, 0, 0, 0, 1, 1, 0), 'ORDER_1')",150.2042451481329
"((0, 1, 1, 0, 0, 0, 1, 1, 1), 'STORE')",147.5091107559845
"((1, 1, 1, 0, 0, 0, 0, 0, 0), 'STORE')",152.4256407993975
"((0, 1, 0, 0, 0, 1, 0, 0, 0), 'DELIVER')",18.750897156485397
"((0, 0, 1, 1, 1, 1, 1, 1, 0), 'DELIVER')",140.38714432737572
"((0, 1, 0, 1, 1, 0, 0, 0, 0), 'IDLE')",80.14037409374197
"((1, 0, 0, 1, 0, 0, 0, 1, 0), 'DELIVER')",188.33252429384942
"((1, 0, 0, 1, 0, 1, 1, 0, 0), 'STORE')",118.16303205576716
"((1, 1, 0, 1, 1, 0, 1, 0, 0), 'IDLE')",108.42172136883168
"((1, 1, 0, 1, 0, 0, 1, 1, 1), 'ORDER_1')",27.59636118788103
"((1, 1, 0, 1, 1, 1, 1, 1, 1), 'IDLE')",50.56127089850244
"((0, 1, 1, 1, 0, 0, 1, 1, 1), 'DELIVER')",223.72224269356903
"((0, 1, 1, 1, 1, 0, 1, 1, 0), 'DELIVER')",170.47723551963355
"((0, 0, 1, 0, 0, 1, 1, 1, 1), 'ORDER_1')",116.62742999469837
"((1, 1, 1, 1, 1, 0, 1, 1, 0), 'ORDER_1')",92.63672695459817
"((1, 1, 1, 1, 1, 1, 1, 0, 0), 'STORE')",60.272555584691794
"((0, 0, 0, 1, 1, 1, 0, 0, 0), 'STORE')",89.41361730499436
"((0, 0, 1, 1, 0, 0, 0, 1, 1), 'STORE')",117.48942361460433
"((1, 0, 1, 1, 1, 0, 0, 1, 1), 'DELIVER')",228.27060513003937
"((1, 0, 1, 0, 0, 0, 1, 0, 0), 'STORE')",143.13511314852224
"((0, 1, 1, 1, 1, 1, 0, 0, 0), 'ORDER_1')",102.29411770073068
"((0, 1, 1, 1, 0, 0, 1, 0, 0), 'STORE')",144.3476157794632
"((0, 1, 1, 1, 0, 1, 0, 1, 1), 'ORDER_1')",130.25793822028328
"((0, 1, 1, 1, 1, 1, 0, 1, 1), 'DELIVER')",240.4701104682391
"((1, 0, 1, 0, 0, 0, 0, 1, 0), 'STORE')",153.34703077648143
"((1, 0, 1, 1, 0, 1, 0, 0, 0), 'IDLE')",119.66763128854356
"((1, 0, 1, 1, 1, 1, 0, 1, 1), 'ORDER_1')",78.03888384706279
"((1, 0, 1, 1, 1, 0, 0, 1, 1), 'STORE')",175.73534447919133
"((0, 0, 0, 1, 1, 1, 1, 1, 1), 'ORDER_1')",5.126563642260429
"((0, 0, 0, 0, 0, 0, 1, 1, 1), 'IDLE')",124.71828786497511
"((0, 1, 1, 1, 0, 1, 0, 0, 0), 'IDLE')",146.63904112395832
"((0, 1, 1, 1, 1, 1, 0, 0, 0), 'STORE')",73.37515018840874
"((0, 1, 1, 1, 1, 1, 0, 0, 0), 'IDLE')",96.4524410633695
"((0, 1, 1, 1, 0, 0, 0, 1, 1), 'STORE')",146.69774297065354
"((1, 0, 1, 1, 0, 0, 1, 1, 1), 'STORE')",152.6113983903729
"((1, 0, 0, 1, 1, 1, 0, 0, 0), 'IDLE')",96.07546502218868
"((1, 0, 0, 1, 1, 1, 0, 0, 0), 'STORE')",85.67791842657405
"((1, 0, 1, 1, 0, 1, 0, 1, 1), 'DELIVER')",218.74744810819573
"((0, 0, 1, 0, 0, 1, 0, 1, 1), 'STORE')",175.14910611176066
"((0, 1, 1, 1, 0, 0, 1, 1, 1), 'ORDER_1')",131.70891241136934
"((1, 0, 1, 1, 0, 1, 0, 1, 0), 'IDLE')",130.2041114451775
"((0, 0, 0, 1, 0, 0, 0, 1, 1), 'IDLE')",112.02455211319023
"((0, 1, 0, 1, 1, 0, 1, 0, 0), 'ORDER_1')",112.50092825110465
"((1, 1, 0, 1, 0, 1, 0, 0, 0), 'ORDER_1')",169.62993726281314
"((1, 1, 0, 1, 1, 1, 0, 1, 1), 'DELIVER')",231.72246839180525
"((1, 1, 0, 0, 0, 0, 1, 1, 0), 'DELIVER')",80
"((0, 1, 0, 0, 0, 1, 1, 1, 0), 'IDLE')",146.22972892704587
"((0, 1, 0, 1, 1, 0, 0, 0, 0), 'DELIVER')",120.4077094657101
"((1, 0, 0, 0, 0, 0, 0, 0, 0), 'STORE')",91.71515954606703
"((1, 0, 0, 1, 1, 0, 0, 0, 0), 'STORE')",50.223059824752994
"((0, 1, 1, 1, 1, 1, 1, 1, 0), 'IDLE')",99.07150496358753
"((1, 1, 1, 1, 0, 0, 0, 1, 1), 'DELIVER')",206.9511013469989
"((1, 0, 1, 1, 0, 0, 1, 1, 1), 'ORDER_1')",138.01790611419227
"((1, 0, 1, 1, 0, 1, 1, 1, 1), 'DELIVER')",194.43895930413905
"((1, 0, 0, 1, 0, 0, 1, 1, 0), 'DELIVER')",210.71657290897414
"((1, 1, 1, 1, 1, 1, 0, 0, 0), 'ORDER_1')",123.87665306840559
"((0, 1, 1, 1, 1, 1, 1, 1, 0), 'DELIVER')",184.98641387197048
"((0, 1, 0, 0, 0, 0, 1, 0, 0), 'IDLE')",120.95882888119175
"((0, 0, 0, 1, 0, 0, 1, 1, 1), 'STORE')",161.2593320155433
"((1, 1, 0, 1, 1, 0, 1, 0, 0), 'STORE')",113.60150441026072
"((1, 1, 1, 1, 1, 1, 0, 1, 1), 'DELIVER')",239.80090887581935
"((1, 0, 0, 1, 1, 0, 1, 1, 0), 'STORE')",114.21332736759821
"((0, 1, 1, 1, 1, 1, 0, 1, 1), 'STORE')",138.4598428515851
"((1, 1, 1, 1, 0, 0, 0, 1, 1), 'IDLE')",175.7629653765728
"((1, 1, 1, 1, 1, 1, 0, 1, 1), 'IDLE')",87.32406221882678
"((0, 1, 1, 0, 0, 1, 0, 1, 1), 'ORDER_1')",145.33350314792128
"((0, 1, 1, 0, 0, 1, 1, 1, 1), 'STORE')",135.07264600028435
"((0, 0, 1, 1, 1, 0, 1, 0, 0), 'DELIVER')",135.87112065211846
"((0, 0, 1, 1, 1, 0, 1, 0, 0), 'STORE')",95.11970863956498
"((0, 0, 1, 1, 0, 0, 0, 1, 1), 'IDLE')",152.76642646039508
"((0, 1, 1, 1, 1, 0, 0, 1, 1), 'IDLE')",103.6607725777115
"((1, 0, 1, 1, 0, 1, 1, 0, 0), 'STORE')",145.9649586960414
"((0, 0, 1, 0, 0, 1, 0, 1, 1), 'ORDER_1')",76.16642870350516
"((1, 1, 0, 1, 1, 1, 1, 0, 0), 'DELIVER')",80
"((1, 1, 0, 1, 1, 0, 0, 1, 0), 'DELIVER')",155.50109189366606
"((1, 1, 0, 0, 0, 0, 0, 0, 0), 'STORE')",127.63776484305704
"((1, 0, 0, 0, 0, 0, 0, 0, 0), 'DELIVER')",4.296037636406364
"((1, 1, 1, 1, 1, 1, 0, 1, 0), 'IDLE')",146.38357948979615
"((0, 1, 0, 0, 0, 1, 0, 0, 0), 'STORE')",135.0356577852085
"((1, 0, 0, 1, 0, 1, 0, 0, 0), 'DELIVER')",200.14660717456945
"((0, 0, 1, 1, 1, 1, 0, 1, 1), 'DELIVER')",144.14851138902753
"((0, 0, 1, 1, 1, 1, 0, 1, 0), 'IDLE')",106.81381334029525
"((0, 1, 0, 1, 1, 0, 1, 0, 0), 'IDLE')",91.27394707378859
"((1, 1, 1, 1, 1, 1, 1, 1, 1), 'IDLE')",71.55932665344596
"((0, 0, 1, 1, 0, 0, 1, 1, 1), 'ORDER_1')",133.67191097249284
"((0, 1, 1, 1, 1, 0, 0, 1, 1), 'DELIVER')",236.23846154128324
"((1, 0, 1, 1, 0, 0, 0, 1, 1), 'STORE')",98.248324843582
"((0, 1, 1, 0, 0, 1, 0, 1, 1), 'IDLE')",150.47775516358712
"((1, 0, 1, 0, 0, 0, 0, 1, 0), 'ORDER_1')",166.99526889932963
"((1, 0, 1, 0, 0, 0, 0, 1, 1), 'STORE')",-20
"((0, 1, 1, 0, 0, 1, 0, 1, 0), 'STORE')",95.39006095646283
"((1, 1, 1, 1, 1, 1, 0, 1, 0), 'STORE')",157.84278546536865
"((1, 1, 1, 1, 1, 1, 1, 1, 1), 'DELIVER')",226.27412323283073
"((0, 1, 0, 0, 0, 1, 0, 0, 0), 'ORDER_1')",151.92722045638828
"((0, 1, 0, 1, 0, 1, 0, 1, 1), 'ORDER_1')",148.91107530999125
"((0, 1, 0, 1, 1, 1, 1, 0, 0), 'STORE')",117.24599050909427
"((0, 0, 0, 1, 1, 1, 1, 1, 1), 'DELIVER')",-2.9450236646166346
"((0, 0, 1, 1, 1, 1, 1, 0, 0), 'STORE')",109.13131292348353
"((1, 0, 1, 1, 1, 0, 1, 0, 0), 'STORE')",81.30413645661552
"((1, 0, 0, 1, 1, 0, 1, 0, 0), 'DELIVER')",147.85250958080627
"((0, 1, 0, 1, 0, 0, 0, 1, 1), 'ORDER_1')",163.85284498308394
"((0, 1, 0, 1, 0, 1, 0, 1, 1), 'STORE')",149.33243738934578
"((1, 1, 0, 1, 0, 0, 0, 1, 1), 'IDLE')",160.6341303275491
"((1, 0, 0, 1, 1, 0, 0, 1, 1), 'ORDER_1')",103.12531251960644
"((1, 0, 0, 1, 0, 1, 0, 1, 1), 'DELIVER')",215.39830459278744
"((1, 1, 0, 1, 0, 0, 0, 1, 1), 'DELIVER')",244.15147810512215
"((1, 0, 1, 0, 0, 0, 0, 1, 0), 'IDLE')",108.39182078211991
"((1, 0, 1, 1, 1, 0, 1, 1, 0), 'IDLE')",116.47613111588622
"((0, 1, 0, 1, 1, 1, 1, 1, 0), 'STORE')",140.32623351646157
"((0, 1, 1, 1, 1, 0, 0, 1, 1), 'STORE')",105.56481371237672
"((0, 1, 1, 1, 0, 1, 1, 1, 1), 'ORDER_1')",91.29589511547968
"((0, 1, 1, 1, 1, 1, 0, 1, 1), 'ORDER_1')",85.11189061204985
"((0, 1, 1, 0, 0, 1, 1, 1, 0), 'ORDER_1')",133.48181036795566
"((0, 1, 0, 0, 0, 1, 0, 0, 0), 'IDLE')",114.72827019227417
"((1, 0, 1, 1, 1, 1, 1, 0, 0), 'ORDER_1')",127.17464581098008
"((0, 0, 0, 1, 1, 1, 0, 1, 1), 'IDLE')",56.93257017085608
"((1, 0, 1, 1, 0, 0, 0, 1, 1), 'ORDER_1')",101.44049562876123
"((0, 0, 0, 1, 1, 0, 0, 1, 1), 'STORE')",104.78192748718082
"((0, 0, 1, 1, 0, 1, 0, 1, 1), 'STORE')",174.41640301824717
"((0, 1, 1, 1, 1, 0, 0, 1, 1), 'ORDER_1')",171.45315926146844
"((1, 0, 0, 1, 1, 1, 0, 1, 0), 'ORDER_1')",107.40608085853843
"((1, 0, 1, 1, 1, 0, 1, 1, 1), 'DELIVER')",159.51161997819133
"((1, 0, 0, 1, 1, 1, 1, 1, 0), 'ORDER_1')",66.83981767246235
"((1, 1, 0, 1, 1, 1, 0, 0, 0), 'IDLE')",102.90352183728638
"((1, 1, 0, 1, 0, 1, 0, 0, 0), 'DELIVER')",201.6329523474456
"((1, 0, 0, 1, 0, 1, 1, 0, 0), 'ORDER_1')",157.9579899214716
"((1, 0, 0, 1, 1, 1, 1, 1, 0), 'STORE')",137.6505955560568
"((0, 1, 0, 1, 0, 0, 1, 1, 1), 'IDLE')",100.61702510097493
"((0, 1, 0, 1, 1, 1, 1, 1, 1), 'STORE')",141.65825311659705
"((0, 1, 0, 0, 0, 0, 1, 1, 0), 'IDLE')",133.6087276971782
"((1, 0, 1, 1, 1, 1, 1, 1, 0), 'DELIVER')",133.8483060145517
"((1, 0, 1, 1, 1, 1, 1, 1, 1), 'IDLE')",45.51994763191483
"((1, 1, 1, 1, 1, 0, 1, 1, 1), 'IDLE')",128.43774038673322
"((0, 0, 1, 0, 0, 1, 1, 1, 1), 'IDLE')",135.92245162828613
"((1, 0, 0, 1, 0, 1, 1, 1, 1), 'IDLE')",116.83864938614634
"((0, 0, 1, 1, 1, 0, 1, 1, 0), 'ORDER_1')",115.03059146003673
"((0, 0, 1, 1, 0, 0, 1, 1, 1), 'IDLE')",106.58835694858661
"((0, 0, 1, 1, 1, 1, 1, 1, 1), 'ORDER_1')",72.00174395915076
"((1, 0, 1, 1, 1, 0, 1, 1, 1), 'IDLE')",127.56351077262181
"((1, 0, 1, 1, 1, 1, 0, 0, 0), 'DELIVER')",136.7803535590498
"((0, 1, 1, 1, 1, 1, 0, 0, 0), 'DELIVER')",229.3412080437733
"((0, 1, 0, 1, 1, 0, 1, 1, 1), 'DELIVER')",207.0183765456764
"((0, 0, 1, 1, 1, 1, 1, 0, 0), 'ORDER_1')",88.57342750698614
"((0, 1, 0, 0, 0, 0, 1, 1, 0), 'STORE')",150.01555601204942
"((1, 1, 0, 0, 0, 0, 1, 0, 0), 'DELIVER')",200.7152750758687
"((0, 0, 0, 1, 1, 0, 0, 1, 1), 'DELIVER')",-33.36343278520239
"((0, 0, 0, 0, 0, 0, 0, 1, 1), 'IDLE')",110.20004398209909
"((0, 1, 1, 1, 1, 1, 1, 0, 0), 'DELIVER')",180.35873118134728
"((0, 1, 1, 0, 0, 0, 0, 1, 1), 'STORE')",-20
"((0, 1, 1, 0, 0, 1, 1, 1, 1), 'IDLE')",126.05663142011187
"((0, 0, 0, 1, 1, 0, 0, 1, 1), 'IDLE')",89.00058899172983
"((0, 0, 1, 1, 1, 0, 1, 1, 1), 'STORE')",87.25531999751422
"((1, 1, 0, 1, 0, 1, 0, 0, 0), 'IDLE')",118.27340955636585
"((1, 1, 0, 1, 0, 1, 0, 1, 0), 'STORE')",162.11982880304163
"((1, 0, 0, 1, 1, 1, 0, 1, 1), 'ORDER_1')",60.371980674980705
"((1, 0, 0, 1, 1, 1, 1, 1, 0), 'DELIVER')",170.3131299468127
"((1, 0, 0, 0, 0, 1, 0, 0, 0), 'IDLE')",126.83341063136407
"((1, 0, 0, 1, 0, 0, 0, 1, 1), 'DELIVER')",205.36557393115555
"((1, 0, 1, 1, 1, 0, 0, 1, 0), 'DELIVER')",170.51254967230943
"((0, 1, 0, 1, 1, 0, 0, 1, 0), 'ORDER_1')",121.73251281175716
"((1, 1, 0, 1, 0, 0, 1, 1, 1), 'STORE')",103.90763732262683
"((1, 1, 1, 1, 1, 0, 1, 1, 1), 'DELIVER')",170.08406531785235
"((1, 1, 1, 0, 0, 0, 1, 1, 0), 'IDLE')",-30
"((0, 1, 0, 1, 1, 1, 0, 1, 1), 'IDLE')",119.02528298807195
"((1, 0, 1, 1, 1, 1, 1, 0, 0), 'STORE')",121.69474809534198
"((1, 1, 1, 0, 0, 0, 0, 1, 0), 'DELIVER')",198.89914931106568
"((1, 1, 1, 0, 0, 1, 0, 0, 0), 'ORDER_1')",-30
"((0, 1, 0, 1, 1, 0, 1, 1, 1), 'ORDER_1')",95.52117768262768
"((1, 0, 0, 0, 0, 0, 1, 1, 0), 'IDLE')",140.96740822134657
"((0, 1, 0, 1, 1, 1, 1, 1, 0), 'IDLE')",112.48327675953983
"((1, 1, 0, 1, 0, 1, 1, 0, 0), 'STORE')",154.6462511209909
"((1, 0, 0, 1, 1, 1, 0, 1, 0), 'DELIVER')",152.51499950236825
"((1, 0, 0, 1, 0, 1, 1, 0, 0), 'DELIVER')",190.41988038480633
"((0, 0, 0, 1, 0, 0, 1, 1, 1), 'ORDER_1')",103.08140753972795
"((0, 0, 1, 1, 1, 0, 1, 1, 1), 'ORDER_1')",65.86291986156287
"((1, 0, 1, 1, 1, 0, 1, 1, 1), 'STORE')",107.93242963025438
"((1, 0, 1, 0, 0, 1, 1, 0, 0), 'IDLE')",169.98272567197563
"((1, 0, 1, 1, 0, 1, 1, 0, 0), 'DELIVER')",233.6353904105491
"((0, 0, 1, 1, 1, 1, 0, 0, 0), 'ORDER_1')",101.07623019585729
"((1, 1, 1, 0, 0, 0, 0, 1, 1), 'DELIVER')",70
"((0, 1, 1, 0, 0, 0, 1, 1, 1), 'ORDER_1')",143.87903450942397
"((0, 0, 1, 0, 0, 0, 0, 1, 1), 'IDLE')",130.68541577976507
"((1, 1, 0, 1, 1, 0, 0, 1, 0), 'ORDER_1')",124.45342621468694
"((1, 0, 0, 1, 0, 0, 1, 1, 1), 'STORE')",176.82195327483583
"((1, 1, 0, 1, 0, 0, 0, 1, 1), 'ORDER_1')",101.66228128560431
"((1, 1, 0, 1, 1, 1, 0, 1, 1), 'STORE')",134.89933210924875
"((0, 1, 0, 1, 1, 0, 1, 1, 0), 'STORE')",118.96773410550274
"((1, 1, 0, 1, 1, 1, 1, 1, 1), 'STORE')",76.46244810056918
"((0, 1, 0, 0, 0, 0, 0, 1, 0), 'ORDER_1')",143.27751648160583
"((1, 1, 0, 0, 0, 0, 0, 0, 0), 'DELIVER')",189.3112056779735
"((0, 0, 0, 1, 1, 0, 1, 1, 1), 'DELIVER')",-59.55281288935436
"((0, 0, 1, 1, 1, 1, 1, 1, 0), 'IDLE')",95.49131089500418
"((1, 0, 1, 1, 0, 1, 0, 1, 1), 'STORE')",132.11518940384843
"((1, 0, 1, 0, 0, 0, 1, 1, 1), 'ORDER_1')",113.64982870518523
"((1, 0, 1, 1, 0, 1, 1, 1, 1), 'IDLE')",95.1546585269264
"((1, 0, 0, 0, 0, 0, 0, 1, 0), 'STORE')",133.24573852114668
"((0, 1, 0, 1, 0, 0, 1, 1, 1), 'DELIVER')",190.3566526565795
"((0, 0, 1, 1, 1, 1, 0, 1, 0), 'STORE')",118.08438591616923
"((0, 1, 1, 1, 1, 0, 1, 1, 1), 'IDLE')",106.3816066530151
"((0, 1, 1, 1, 1, 0, 1, 1, 1), 'STORE')",-20
"((1, 0, 0, 1, 0, 1, 0, 1, 1), 'STORE')",157.16767195987185
"((1, 0, 1, 1, 0, 0, 0, 1, 1), 'IDLE')",142.00312012275336
"((1, 1, 1, 1, 1, 1, 0, 1, 1), 'ORDER_1')",106.63198420213283
"((1, 1, 1, 1, 1, 0, 0, 1, 1), 'STORE')",86.2636722168007
"((0, 1, 1, 1, 1, 1, 1, 0, 0), 'IDLE')",92.8516513463084
"((1, 1, 0, 1, 1, 1, 1, 1, 0), 'ORDER_1')",83.87187949001004
"((0, 0, 1, 0, 0, 0, 0, 1, 1), 'ORDER_1')",159.11540722561568
"((1, 0, 1, 0, 0, 0, 0, 1, 0), 'DELIVER')",216.17987485450863
"((1, 0, 0, 1, 0, 1, 1, 1, 0), 'IDLE')",136.71769295930304
"((1, 0, 0, 1, 1, 1, 1, 0, 0), 'DELIVER')",201.29414081358163
"((0, 1, 0, 1, 1, 0, 0, 0, 0), 'ORDER_1')",92.83643398595183
"((0, 0, 0, 0, 0, 0, 1, 1, 1), 'DELIVER')",-10.746761636680503
"((0, 1, 0, 0, 0, 0, 0, 1, 1), 'IDLE')",-10
"((0, 0, 0, 1, 1, 0, 1, 1, 1), 'STORE')",-50
"((1, 0, 0, 1, 1, 1, 0, 1, 0), 'STORE')",117.2198681724524
"((1, 0, 0, 1, 1, 0, 0, 1, 1), 'IDLE')",-60
"((1, 1, 1, 1, 1, 0, 0, 1, 1), 'IDLE')",127.61032475119003
"((1, 0, 0, 0, 0, 0, 1, 1, 0), 'DELIVER')",210.31879639499107
"((1, 1, 1, 0, 0, 0, 0, 1, 0), 'STORE')",163.81285273822118
"((0, 0, 1, 1, 1, 1, 0, 1, 1), 'IDLE')",96.88396412236054
"((0, 0, 1, 1, 1, 1, 0, 0, 0), 'DELIVER')",147.03581361833474
"((0, 1, 1, 0, 0, 1, 0, 1, 1), 'DELIVER')",205.3533859599928
"((0, 0, 1, 0, 0, 1, 0, 1, 1), 'IDLE')",137.37937900827453
"((1, 0, 1, 1, 1, 0, 1, 0, 0), 'ORDER_1')",118.42030316670476
"((1, 0, 0, 1, 0, 1, 1, 0, 0), 'IDLE')",142.34384340899743
"((0, 1, 0, 1, 1, 1, 1, 0, 0), 'DELIVER')",208.43530740259806
"((1, 0, 0, 1, 1, 1, 0, 1, 1), 'DELIVER')",190.05798249701056
"((1, 1, 0, 1, 0, 1, 1, 0, 0), 'IDLE')",63.43148925547263
"((1, 1, 0, 1, 0, 1, 1, 0, 0), 'ORDER_1')",159.83261185728682
"((0, 0, 1, 1, 1, 1, 0, 1, 0), 'DELIVER')",158.52287099195547
"((1, 0, 0, 1, 1, 1, 1, 1, 0), 'IDLE')",96.85706152582205
"((1, 1, 0, 1, 1, 0, 1, 1, 0), 'STORE')",67.84416315451939
"((1, 0, 1, 1, 1, 0, 1, 1, 1), 'ORDER_1')",101.85687498929336
"((0, 1, 0, 1, 1, 1, 0, 0, 0), 'STORE')",103.10845333336007
"((0, 0, 0, 1, 1, 0, 1, 0, 0), 'DELIVER')",-150
"((0, 0, 1, 1, 1, 0, 0, 1, 1), 'IDLE')",109.09668345334023
"((0, 1, 0, 0, 0, 1, 0, 1, 0), 'IDLE')",144.83738512140764
"((1, 1, 0, 1, 0, 1, 0, 1, 1), 'STORE')",156.79954545414154
"((1, 1, 0, 1, 1, 1, 0, 1, 0), 'IDLE')",120.72248341696941
"((1, 1, 0, 1, 0, 1, 0, 1, 0), 'ORDER_1')",162.15392739435407
"((1, 0, 1, 1, 1, 1, 0, 1, 1), 'STORE')",112.93461236959425
"((0, 1, 0, 1, 0, 0, 0, 1, 1), 'IDLE')",85.65498461016153
"((1, 0, 1, 1, 1, 1, 1, 1, 1), 'ORDER_1')",81.91118733818452
"((0, 0, 1, 0, 0, 0, 0, 1, 1), 'STORE')",143.5202520753345
"((0, 1, 1, 0, 0, 1, 1, 1, 1), 'DELIVER')",-19.452550887604247
"((1, 1, 0, 1, 1, 0, 1, 1, 1), 'DELIVER')",30
"((1, 1, 0, 0, 0, 0, 1, 1, 0), 'ORDER_1')",-20
"((1, 1, 0, 1, 0, 1, 1, 1, 0), 'ORDER_1')",27.962132416358415
"((1, 1, 0, 1, 0, 1, 1, 1, 1), 'IDLE')",82.857806420461
"((1, 1, 0, 1, 1, 1, 0, 1, 0), 'DELIVER')",222.56012302641253
"((0, 1, 0, 0, 0, 1, 0, 1, 0), 'ORDER_1')",119.89150745027236
"((1, 1, 1, 1, 1, 0, 0, 1, 1), 'DELIVER')",236.41560244237513
"((0, 1, 1, 0, 0, 0, 0, 1, 1), 'IDLE')",103.95479546002682
"((1, 0, 0, 1, 0, 0, 1, 1, 1), 'IDLE')",106.88434368806548
"((0, 1, 0, 0, 0, 1, 1, 0, 0), 'DELIVER')",25.368607392456155
"((0, 1, 0, 1, 1, 0, 0, 1, 1), 'IDLE')",107.88749400246095
"((0, 1, 0, 1, 1, 0, 0, 1, 1), 'ORDER_1')",117.68765988335667
"((0, 0, 0, 0, 0, 0, 1, 1, 1), 'STORE')",149.51143033994418
"((0, 1, 0, 1, 1, 1, 0, 1, 1), 'STORE')",157.3377525427676
"((0, 1, 0, 1, 1, 1, 0, 1, 0), 'DELIVER')",165.54846382078378
"((1, 1, 1, 1, 1, 0, 1, 1, 1), 'ORDER_1')",45.84269330987301
"((1, 1, 0, 1, 0, 1, 0, 1, 0), 'IDLE')",82.50339348035408
"((1, 1, 1, 0, 0, 0, 1, 1, 0), 'DELIVER')",192.83640275365693
"((0, 0, 1, 0, 0, 1, 1, 1, 1), 'DELIVER')",181.99768024976427
"((0, 0, 0, 0, 0, 0, 1, 1, 1), 'ORDER_1')",110.0024521340734
"((1, 0, 0, 1, 1, 1, 1, 1, 1), 'STORE')",91.92317910894982
"((1, 0, 1, 1, 1, 1, 1, 1, 0), 'IDLE')",88.69545746730662
"((1, 1, 1, 1, 1, 1, 0, 1, 1), 'STORE')",119.53190739157955
"((1, 0, 1, 1, 1, 1, 0, 0, 0), 'STORE')",102.7853149252081
"((0, 0, 0, 1, 1, 0, 1, 0, 0), 'ORDER_1')",69.50553863603915
"((1, 0, 0, 0, 0, 0, 0, 1, 0), 'ORDER_1')",128.16188679221705
"((1, 1, 0, 1, 1, 1, 0, 1, 0), 'STORE')",97.7796917990543
"((0, 1, 1, 0, 0, 1, 1, 1, 1), 'ORDER_1')",114.43825953591079
"((0, 1, 0, 1, 1, 0, 0, 1, 1), 'STORE')",103.33551517747577
"((1, 0, 1, 1, 0, 0, 1, 1, 1), 'DELIVER')",252.50362040161485
"((1, 1, 0, 1, 1, 1, 1, 1, 1), 'ORDER_1')",-95
"((1, 1, 0, 1, 0, 1, 1, 1, 1), 'ORDER_1')",28.68213872242628
"((1, 0, 1, 1, 1, 1, 1, 0, 0), 'IDLE')",121.46881817669113
"((0, 0, 0, 1, 1, 0, 1, 0, 0), 'IDLE')",59.49555380549036
"((1, 1, 0, 1, 1, 0, 0, 1, 1), 'STORE')",95.555690830505
"((0, 1, 1, 1, 1, 0, 1, 0, 0), 'DELIVER')",175.26304253822641
"((1, 1, 0, 1, 1, 1, 1, 1, 0), 'IDLE')",110.48746389590984
"((0, 1, 0, 1, 1, 1, 0, 1, 0), 'IDLE')",94.21732540831485
"((0, 1, 0, 1, 1, 1, 0, 0, 0), 'DELIVER')",190.9687024635869
"((0, 0, 1, 0, 0, 0, 1, 1, 1), 'DELIVER')",17.7736017516942
"((0, 0, 1, 1, 1, 1, 1, 0, 0), 'IDLE')",93.34806403149716
"((0, 1, 1, 1, 1, 1, 1, 1, 1), 'STORE')",116.04521954761415
"((1, 0, 1, 0, 0, 1, 1, 0, 0), 'ORDER_1')",-20.0
"((0, 1, 1, 0, 0, 0, 1, 1, 1), 'DELIVER')",80
"((1, 1, 0, 1, 0, 1, 1, 1, 1), 'DELIVER')",205.9100764485293
"((1, 1, 0, 1, 0, 0, 1, 1, 1), 'IDLE')",150.51787932932496
"((0, 0, 0, 1, 0, 0, 1, 1, 1), 'DELIVER')",0.8956488890114649
"((0, 1, 0, 1, 0, 1, 0, 1, 1), 'DELIVER')",195.0186672462742
"((0, 1, 1, 1, 1, 0, 1, 1, 1), 'DELIVER')",245.60212031255264
"((1, 0, 0, 0, 0, 1, 1, 0, 0), 'STORE')",-10
"((1, 0, 1, 0, 0, 0, 0, 1, 1), 'DELIVER')",0
"((1, 0, 1, 0, 0, 1, 0, 1, 0), 'STORE')",-20
"((1, 1, 0, 1, 0, 1, 0, 1, 1), 'ORDER_1')",137.30260341910474
"((1, 0, 1, 1, 1, 1, 1, 1, 0), 'ORDER_1')",99.38799205256008
"((0, 1, 1, 0, 0, 0, 0, 1, 1), 'DELIVER')",193.34711830025756
"((0, 1, 1, 1, 1, 0, 1, 0, 0), 'IDLE')",113.25797085909453
"((0, 1, 0, 0, 0, 1, 0, 1, 0), 'STORE')",143.14259193167277
"((1, 1, 0, 0, 0, 0, 0, 1, 0), 'STORE')",-20
"((1, 0, 0, 0, 0, 0, 1, 1, 0), 'ORDER_1')",157.36034280121092
"((1, 1, 0, 1, 0, 1, 1, 0, 0), 'DELIVER')",80
"((1, 1, 0, 1, 1, 1, 1, 0, 0), 'IDLE')",63.43148925547263
"((1, 1, 0, 1, 1, 1, 1, 0, 0), 'STORE')",92.98457773036584
"((1, 0, 0, 1, 1, 1, 1, 0, 0), 'IDLE')",92.56592689402709
"((1, 0, 0, 1, 0, 0, 0, 1, 1), 'ORDER_1')",145.086779306807
"((1, 1, 0, 1, 0, 1, 0, 1, 1), 'IDLE')",153.59817952187714
"((1, 1, 0, 1, 0, 1, 1, 1, 0), 'IDLE')",85.25821262947915
"((0, 1, 0, 1, 1, 1, 0, 1, 1), 'DELIVER')",169.19560025130727
"((1, 0, 0, 0, 0, 0, 0, 1, 1), 'DELIVER')",90
"((1, 0, 1, 1, 1, 1, 0, 1, 0), 'STORE')",-70
"((1, 0, 1, 1, 1, 1, 0, 0, 0), 'IDLE')",91.37622300457762
"((0, 1, 0, 0, 0, 0, 1, 1, 1), 'ORDER_1')",-10
"((1, 0, 1, 1, 1, 1, 0, 0, 0), 'ORDER_1')",106.02476048873893
"((1, 0, 0, 1, 0, 1, 0, 1, 1), 'IDLE')",165.2624313030751
"((1, 1, 0, 1, 1, 0, 0, 1, 1), 'IDLE')",157.81493874201576
"((1, 1, 0, 1, 1, 1, 1, 1, 0), 'DELIVER')",123.36354714521163
"((1, 1, 0, 1, 1, 1, 1, 1, 1), 'DELIVER')",55
"((1, 1, 0, 1, 0, 1, 0, 0, 0), 'STORE')",159.1035290279914
"((0, 1, 1, 1, 1, 1, 1, 1, 1), 'ORDER_1')",58.77707872045469
"((0, 1, 0, 1, 1, 1, 0, 1, 1), 'ORDER_1')",70.82615804414877
"((0, 1, 0, 0, 0, 1, 1, 1, 1), 'STORE')",-35
"((1, 0, 1, 0, 0, 1, 0, 0, 0), 'DELIVER')",80
"((1, 0, 0, 0, 0, 1, 0, 0, 0), 'DELIVER')",90
"((0, 1, 1, 0, 0, 0, 0, 1, 1), 'ORDER_1')",130.03753776461753
"((1, 0, 0, 0, 0, 0, 0, 1, 1), 'IDLE')",-10
"((0, 0, 1, 0, 0, 0, 0, 1, 1), 'DELIVER')",37.94008083994884
"((0, 0, 1, 1, 1, 0, 1, 1, 1), 'IDLE')",100.3083498143333
"((0, 0, 0, 1, 1, 0, 1, 1, 0), 'STORE')",103.56361143514917
"((0, 0, 1, 1, 1, 1, 0, 1, 1), 'STORE')",98.65613836694932
"((1, 0, 1, 1, 1, 1, 0, 1, 0), 'IDLE')",120.84128980729875
"((1, 1, 0, 1, 1, 0, 1, 1, 1), 'ORDER_1')",-70
"((1, 0, 0, 1, 1, 0, 0, 1, 1), 'STORE')",105.05984966382456
"((1, 0, 0, 0, 0, 1, 1, 0, 0), 'DELIVER')",90
"((0, 0, 1, 1, 1, 0, 1, 1, 1), 'DELIVER')",122.99143169477446
"((1, 1, 0, 1, 1, 1, 0, 0, 0), 'STORE')",93.56973376851535
"((1, 0, 1, 0, 0, 1, 0, 1, 0), 'DELIVER')",161.29120218943194
"((0, 0, 1, 1, 1, 0, 0, 1, 1), 'ORDER_1')",84.96183983279009
"((0, 0, 0, 0, 0, 1, 0, 1, 1), 'STORE')",169.38102895883046
"((0, 1, 0, 0, 0, 0, 0, 1, 1), 'DELIVER')",90
"((1, 1, 0, 0, 0, 0, 0, 0, 0), 'ORDER_1')",-2.1596000761898893
"((1, 0, 0, 1, 0, 1, 0, 0, 0), 'STORE')",143.08061046703816
"((1, 0, 1, 0, 0, 1, 0, 1, 0), 'IDLE')",-20
"((0, 0, 0, 1, 1, 0, 1, 1, 0), 'ORDER_1')",73.66370145662442
"((1, 1, 0, 1, 0, 0, 1, 1, 1), 'DELIVER')",80
"((1, 0, 0, 1, 1, 1, 0, 1, 1), 'IDLE')",100.06464719027066
"((0, 1, 1, 1, 1, 1, 0, 1, 0), 'DELIVER')",155.4218939672548
"((1, 0, 0, 0, 0, 1, 1, 1, 0), 'IDLE')",-10
"((0, 1, 0, 0, 0, 1, 0, 1, 1), 'DELIVER')",-110
"((0, 1, 1, 0, 0, 0, 1, 1, 1), 'IDLE')",113.10192724101304
"((0, 1, 0, 0, 0, 1, 0, 1, 1), 'STORE')",-10
"((0, 0, 0, 1, 1, 0, 1, 1, 0), 'DELIVER')",-33.43339864953056
"((1, 0, 0, 1, 1, 1, 0, 1, 1), 'STORE')",-60
"((0, 1, 1, 1, 1, 0, 1, 1, 1), 'ORDER_1')",107.95552551828435
"((0, 0, 1, 1, 1, 0, 0, 1, 1), 'STORE')",-60
"((1, 0, 0, 0, 0, 1, 0, 1, 0), 'STORE')",-10
"((0, 0, 1, 1, 1, 1, 0, 0, 0), 'IDLE')",96.58027025052579
"((0, 1, 0, 0, 0, 0, 0, 1, 1), 'STORE')",154.64576294363889
"((0, 0, 1, 1, 1, 1, 0, 1, 1), 'ORDER_1')",-60
"((1, 0, 1, 1, 1, 0, 0, 1, 1), 'IDLE')",-70
"((1, 1, 0, 0, 0, 0, 0, 1, 0), 'IDLE')",-20
"((0, 0, 1, 0, 0, 0, 1, 1, 1), 'STORE')",-10
"((1, 0, 1, 0, 0, 1, 1, 1, 0), 'ORDER_1')",-20
"((1, 1, 0, 0, 0, 0, 1, 0, 0), 'IDLE')",-20
