"((0, 0, 0, 0, 0, 0, 0, 0, 0), 'DELIVER')",-81.97519005639403
"((0, 0, 0, 1, 0, 0, 0, 0, 0), 'STORE')",-1.5443668927712544
"((0, 0, 0, 1, 0, 0, 0, 0, 0), 'DELIVER')",-91.16906680050792
"((0, 0, 0, 1, 0, 0, 0, 0, 0), 'IDLE')",11.433828430658197
"((0, 0, 0, 1, 1, 0, 0, 0, 0), 'DELIVER')",-138.6682622395367
"((0, 0, 0, 1, 1, 0, 0, 0, 0), 'ORDER_1')",-29.925628081673928
"((0, 0, 0, 1, 1, 0, 0, 1, 0), 'ORDER_1')",-11.154962432523226
"((0, 0, 0, 1, 0, 0, 0, 1, 1), 'STORE')",68.16992964224382
"((1, 0, 0, 1, 0, 0, 0, 1, 0), 'DELIVER')",115.55220591541303
"((0, 0, 0, 1, 0, 0, 0, 1, 0), 'STORE')",35.491580806591124
"((1, 0, 0, 1, 0, 0, 0, 0, 0), 'DELIVER')",100.70374785307035
"((0, 0, 0, 1, 0, 0, 0, 0, 0), 'ORDER_1')",11.227620772266087
"((0, 0, 0, 1, 0, 0, 0, 1, 0), 'DELIVER')",-136.13734120396137
"((0, 0, 0, 1, 1, 0, 0, 1, 0), 'STORE')",-17.579692771454575
"((0, 0, 1, 1, 0, 0, 0, 0, 0), 'DELIVER')",102.13083340018206
"((0, 0, 0, 0, 0, 0, 0, 0, 0), 'ORDER_1')",19.833039439378002
"((0, 0, 0, 0, 0, 0, 0, 1, 0), 'DELIVER')",-71.69743244739922
"((0, 0, 0, 1, 0, 0, 0, 1, 0), 'ORDER_1')",16.966550038417754
"((0, 0, 0, 1, 0, 1, 0, 1, 0), 'ORDER_1')",41.45387408606422
"((0, 0, 0, 1, 0, 1, 0, 1, 1), 'STORE')",66.78641464156257
"((0, 0, 1, 1, 0, 0, 1, 1, 0), 'DELIVER')",122.05215265217508
"((0, 0, 0, 1, 0, 0, 1, 1, 0), 'DELIVER')",-59.05418202894879
"((0, 0, 0, 1, 0, 1, 1, 0, 0), 'STORE')",58.87946532296056
"((0, 0, 1, 1, 0, 0, 1, 0, 0), 'ORDER_1')",62.69673803197104
"((0, 0, 1, 1, 0, 0, 1, 1, 0), 'IDLE')",65.13765393719883
"((0, 0, 1, 1, 1, 0, 1, 1, 0), 'DELIVER')",105.79697128003403
"((0, 0, 0, 0, 0, 1, 1, 0, 0), 'STORE')",43.620119841744035
"((0, 0, 1, 0, 0, 0, 1, 0, 0), 'DELIVER')",35.14783526072604
"((0, 0, 0, 0, 0, 0, 1, 0, 0), 'DELIVER')",-77.75177138281504
"((0, 0, 0, 0, 0, 0, 1, 0, 0), 'ORDER_1')",31.79660743216127
"((0, 0, 0, 0, 0, 0, 1, 1, 0), 'IDLE')",25.782728128330362
"((0, 0, 0, 0, 0, 0, 1, 1, 0), 'ORDER_1')",12.357397256234554
"((0, 0, 0, 1, 0, 1, 1, 1, 0), 'STORE')",61.826029072811394
"((1, 0, 0, 1, 0, 0, 1, 1, 0), 'DELIVER')",119.00651473094544
"((0, 0, 0, 0, 0, 1, 1, 0, 0), 'DELIVER')",-70.56893131777194
"((1, 0, 0, 1, 0, 0, 1, 0, 0), 'ORDER_1')",41.36116800031464
"((0, 0, 0, 0, 0, 0, 1, 1, 0), 'STORE')",39.61259723967443
"((0, 1, 0, 1, 0, 0, 1, 0, 0), 'IDLE')",24.46889504832568
"((0, 1, 0, 1, 0, 0, 1, 0, 0), 'ORDER_1')",49.30182930896001
"((0, 1, 0, 1, 0, 0, 1, 1, 0), 'STORE')",59.381366837469024
"((1, 1, 0, 1, 0, 0, 0, 1, 0), 'STORE')",16.92144131021857
"((1, 1, 1, 1, 1, 0, 0, 0, 0), 'STORE')",19.271496785474177
"((1, 1, 1, 1, 0, 0, 0, 0, 0), 'ORDER_1')",11.95923112310934
"((1, 1, 1, 1, 0, 0, 0, 1, 0), 'DELIVER')",94.90654779355326
"((0, 1, 1, 0, 0, 0, 0, 1, 0), 'STORE')",3.983072549187235
"((1, 1, 1, 1, 0, 0, 0, 0, 0), 'DELIVER')",105.30367707563256
"((0, 1, 1, 0, 0, 0, 0, 0, 0), 'DELIVER')",-40.00757025105477
"((0, 1, 1, 0, 0, 0, 0, 0, 0), 'IDLE')",5.278064326795194
"((0, 1, 1, 0, 0, 0, 0, 0, 0), 'STORE')",25.35590981731971
"((0, 1, 1, 1, 0, 0, 0, 0, 0), 'DELIVER')",118.31755486125223
"((0, 0, 1, 0, 0, 0, 0, 0, 0), 'DELIVER')",-83.13688685008096
"((0, 0, 1, 0, 0, 0, 0, 0, 0), 'ORDER_1')",33.27191484322471
"((0, 0, 1, 0, 0, 0, 0, 1, 0), 'DELIVER')",-64.84351430825842
"((0, 0, 0, 0, 0, 1, 0, 0, 0), 'STORE')",57.224508797119334
"((0, 0, 1, 0, 0, 0, 0, 0, 0), 'IDLE')",40.60862278805061
"((0, 0, 1, 1, 0, 0, 0, 1, 0), 'STORE')",35.95182171779335
"((0, 0, 1, 1, 0, 0, 0, 1, 0), 'ORDER_1')",43.57524027782216
"((0, 0, 1, 1, 0, 1, 0, 1, 0), 'STORE')",63.831040759362494
"((1, 0, 1, 1, 0, 0, 0, 1, 0), 'DELIVER')",135.69883795056086
"((0, 0, 1, 1, 0, 1, 0, 0, 0), 'IDLE')",58.54335047268883
"((0, 0, 1, 1, 0, 1, 0, 0, 0), 'ORDER_1')",56.94907493874583
"((0, 0, 1, 1, 0, 1, 0, 1, 0), 'IDLE')",48.92726263661737
"((0, 0, 1, 1, 1, 1, 0, 1, 0), 'ORDER_1')",29.581768399086293
"((0, 0, 1, 1, 0, 1, 1, 1, 0), 'STORE')",62.61441643601433
"((1, 0, 1, 1, 0, 0, 1, 1, 0), 'ORDER_1')",50.34613805390833
"((1, 0, 1, 1, 0, 1, 1, 1, 0), 'IDLE')",49.15330874607589
"((1, 0, 1, 1, 1, 1, 1, 1, 0), 'IDLE')",-45
"((1, 0, 1, 1, 1, 1, 1, 0, 0), 'STORE')",15.587836199158092
"((1, 1, 1, 1, 0, 0, 1, 0, 0), 'STORE')",28.239095120273394
"((1, 1, 1, 1, 0, 0, 1, 0, 0), 'DELIVER')",113.49651814810456
"((0, 1, 1, 1, 0, 0, 1, 0, 0), 'STORE')",5.747142083320462
"((1, 1, 1, 1, 0, 0, 0, 0, 0), 'IDLE')",42.256122233290654
"((1, 1, 1, 1, 0, 0, 0, 1, 0), 'ORDER_1')",33.39698561067621
"((1, 1, 1, 1, 1, 0, 0, 1, 1), 'IDLE')",-8.823153795444826
"((1, 1, 1, 1, 0, 1, 0, 1, 0), 'DELIVER')",114.67882629680388
"((0, 1, 1, 0, 0, 1, 0, 1, 0), 'ORDER_1')",24.16963109576865
"((0, 1, 1, 0, 0, 1, 1, 1, 0), 'ORDER_1')",18.24008262033894
"((0, 1, 1, 1, 0, 1, 1, 1, 1), 'DELIVER')",88.74516355338913
"((0, 0, 1, 0, 0, 1, 1, 1, 0), 'ORDER_1')",6.549231147205152
"((0, 0, 1, 0, 0, 1, 1, 1, 1), 'ORDER_1')",-23.364282197310416
"((0, 0, 1, 0, 0, 1, 1, 1, 1), 'STORE')",34.755726124406465
"((0, 1, 1, 1, 0, 0, 1, 1, 1), 'ORDER_1')",34.41997371957037
"((0, 1, 1, 1, 0, 1, 1, 1, 1), 'ORDER_1')",5.229635341187493
"((0, 1, 1, 1, 0, 1, 1, 1, 1), 'IDLE')",0.5210161655646104
"((0, 0, 0, 0, 0, 0, 0, 0, 0), 'IDLE')",12.633532875449202
"((0, 1, 0, 1, 1, 0, 0, 0, 0), 'IDLE')",3.013561019485091
"((0, 1, 0, 1, 1, 0, 0, 0, 0), 'ORDER_1')",6.367833357541224
"((0, 1, 0, 1, 0, 0, 0, 1, 0), 'STORE')",38.2123363443661
"((0, 1, 0, 1, 0, 0, 0, 1, 0), 'ORDER_1')",53.45332330323042
"((0, 1, 0, 1, 1, 1, 0, 1, 0), 'STORE')",20.556494564692464
"((0, 1, 1, 1, 1, 0, 0, 1, 0), 'ORDER_1')",4.731741247188368
"((0, 1, 1, 1, 0, 1, 0, 1, 0), 'ORDER_1')",41.32411749451941
"((0, 1, 1, 1, 0, 1, 0, 1, 1), 'ORDER_1')",33.49383298750185
"((0, 1, 1, 1, 1, 1, 1, 1, 1), 'ORDER_1')",-36.70231357558534
"((0, 1, 1, 1, 1, 1, 1, 1, 1), 'IDLE')",-33.43370417808475
"((0, 1, 1, 1, 0, 1, 1, 1, 0), 'ORDER_1')",31.89524513429734
"((0, 1, 1, 1, 0, 1, 1, 1, 0), 'STORE')",33.75864080083118
"((1, 1, 1, 1, 1, 0, 1, 1, 0), 'DELIVER')",55.16640635232512
"((0, 1, 1, 1, 0, 1, 1, 0, 0), 'STORE')",40.23675693952097
"((1, 1, 1, 1, 0, 0, 1, 0, 0), 'IDLE')",4.480993853346469
"((0, 1, 1, 1, 0, 0, 1, 0, 0), 'ORDER_1')",45.470639652455844
"((0, 1, 1, 1, 0, 0, 1, 1, 0), 'IDLE')",44.1619119494554
"((0, 1, 1, 1, 0, 0, 1, 1, 0), 'DELIVER')",117.2224557651652
"((0, 0, 1, 0, 0, 1, 1, 0, 0), 'IDLE')",29.706219150626687
"((0, 0, 1, 1, 0, 1, 1, 0, 0), 'STORE')",61.93396435122188
"((0, 0, 1, 1, 0, 1, 1, 0, 0), 'ORDER_1')",49.396266415658424
"((0, 0, 1, 1, 0, 1, 1, 1, 0), 'DELIVER')",104.66837328222165
"((0, 0, 0, 0, 0, 1, 1, 1, 0), 'DELIVER')",-104.66701103190738
"((0, 0, 1, 1, 0, 0, 1, 0, 0), 'STORE')",38.360195789123495
"((0, 1, 1, 1, 0, 0, 0, 0, 0), 'STORE')",28.584918938476633
"((0, 0, 0, 0, 0, 0, 0, 0, 0), 'STORE')",0.483765315225285
"((0, 0, 0, 1, 1, 0, 0, 1, 0), 'IDLE')",-17.298896460241725
"((0, 0, 0, 1, 0, 1, 0, 0, 0), 'DELIVER')",-77.13030975720635
"((0, 0, 0, 1, 0, 1, 0, 0, 0), 'ORDER_1')",38.09902120308816
"((0, 0, 0, 1, 0, 1, 0, 1, 0), 'STORE')",66.92584467326579
"((0, 0, 1, 1, 1, 0, 0, 1, 0), 'ORDER_1')",12.195298356714735
"((0, 0, 1, 1, 1, 1, 0, 1, 0), 'DELIVER')",77.52849201478719
"((0, 0, 0, 0, 0, 1, 0, 1, 0), 'ORDER_1')",19.52164825034338
"((0, 0, 0, 0, 0, 1, 1, 1, 0), 'STORE')",24.693191192176588
"((0, 0, 1, 1, 0, 1, 1, 0, 0), 'DELIVER')",125.10922359914005
"((1, 0, 0, 0, 0, 0, 1, 0, 0), 'IDLE')",47.5185972211295
"((1, 0, 0, 1, 0, 0, 1, 0, 0), 'IDLE')",39.868527857247955
"((1, 0, 0, 1, 0, 0, 1, 1, 0), 'STORE')",38.32111173461641
"((1, 0, 1, 1, 0, 0, 0, 1, 0), 'STORE')",37.45008938020132
"((1, 1, 1, 1, 1, 0, 0, 0, 0), 'ORDER_1')",-21.417919095847704
"((0, 1, 1, 0, 0, 0, 0, 1, 0), 'IDLE')",13.859714660210717
"((0, 1, 1, 0, 0, 1, 0, 0, 0), 'DELIVER')",-37.57531669040536
"((0, 0, 1, 0, 0, 1, 0, 0, 0), 'DELIVER')",-72.2832220253724
"((0, 0, 1, 0, 0, 1, 0, 0, 0), 'STORE')",18.041364337366467
"((0, 1, 1, 0, 0, 0, 0, 0, 0), 'ORDER_1')",5.1404064913786165
"((0, 1, 1, 1, 0, 0, 0, 1, 0), 'DELIVER')",102.87372884525531
"((0, 0, 1, 0, 0, 1, 0, 0, 0), 'ORDER_1')",36.575942626345125
"((0, 0, 1, 0, 0, 1, 0, 1, 0), 'ORDER_1')",17.229738569582096
"((0, 0, 1, 1, 0, 1, 0, 1, 1), 'ORDER_1')",37.42341488100985
"((0, 0, 1, 1, 0, 1, 1, 1, 1), 'IDLE')",27.37841077531356
"((0, 0, 1, 1, 0, 1, 1, 1, 1), 'STORE')",44.85417416759282
"((1, 0, 1, 1, 0, 0, 1, 1, 0), 'STORE')",14.599171835937362
"((1, 1, 1, 1, 1, 0, 1, 0, 0), 'IDLE')",-5.495477593945928
"((1, 1, 1, 1, 0, 0, 1, 0, 0), 'ORDER_1')",22.2771903848013
"((1, 1, 1, 1, 0, 0, 1, 1, 0), 'ORDER_1')",10.835729810185555
"((1, 1, 1, 1, 1, 0, 1, 1, 1), 'ORDER_1')",-7.63736271417266
"((1, 1, 1, 1, 1, 1, 1, 1, 1), 'STORE')",-30.939426686211934
"((1, 1, 1, 1, 0, 1, 1, 1, 1), 'ORDER_1')",-2.530018472553043
"((1, 1, 1, 1, 0, 1, 1, 1, 0), 'DELIVER')",103.77447731053068
"((0, 1, 1, 0, 0, 1, 1, 0, 0), 'STORE')",20.13534767148747
"((1, 1, 1, 1, 0, 0, 1, 1, 0), 'IDLE')",15.854098569800826
"((1, 1, 1, 1, 0, 0, 1, 1, 0), 'STORE')",37.667503782446516
"((1, 1, 1, 1, 0, 1, 1, 0, 0), 'IDLE')",70.74334598597407
"((1, 1, 1, 1, 1, 1, 1, 0, 0), 'ORDER_1')",-5.787832340607512
"((1, 1, 1, 1, 0, 1, 1, 1, 0), 'STORE')",32.511413932193804
"((0, 0, 0, 1, 0, 0, 0, 1, 0), 'IDLE')",20.30003409853426
"((0, 0, 0, 1, 1, 1, 0, 0, 0), 'DELIVER')",-121.01453553783848
"((0, 0, 0, 1, 0, 1, 0, 0, 0), 'STORE')",55.500464697270516
"((0, 0, 1, 1, 0, 0, 0, 0, 0), 'IDLE')",50.19876883373976
"((0, 1, 0, 1, 0, 0, 0, 1, 0), 'DELIVER')",110.66718675452266
"((0, 0, 0, 0, 0, 0, 0, 1, 0), 'ORDER_1')",33.10550041888584
"((0, 0, 0, 0, 0, 1, 0, 1, 0), 'DELIVER')",-68.08055775176062
"((0, 0, 0, 1, 0, 1, 0, 1, 0), 'DELIVER')",-61.42381029156417
"((0, 0, 0, 1, 0, 1, 1, 0, 0), 'DELIVER')",-82.50547393633026
"((0, 0, 0, 1, 0, 1, 1, 0, 0), 'ORDER_1')",31.264964945069934
"((0, 0, 0, 1, 1, 1, 1, 1, 0), 'DELIVER')",-124.65156473104797
"((0, 0, 0, 1, 0, 1, 1, 1, 0), 'IDLE')",-1.8227269197166387
"((0, 0, 0, 1, 0, 1, 1, 0, 0), 'IDLE')",37.2841016958337
"((0, 0, 0, 1, 1, 1, 1, 0, 0), 'IDLE')",-0.7441519721497514
"((0, 0, 0, 1, 1, 1, 1, 0, 0), 'DELIVER')",-114.53847498430372
"((0, 0, 0, 1, 1, 1, 1, 1, 0), 'STORE')",-13.565460580891152
"((1, 0, 0, 1, 1, 0, 1, 1, 0), 'STORE')",27.02125591845589
"((1, 0, 1, 1, 0, 0, 1, 0, 0), 'ORDER_1')",42.65101835033822
"((1, 1, 1, 1, 1, 0, 0, 1, 0), 'ORDER_1')",20.857110439995285
"((1, 1, 1, 1, 1, 1, 0, 1, 0), 'ORDER_1')",-13.559091527120959
"((1, 1, 1, 1, 0, 1, 0, 1, 1), 'STORE')",30.522359587726946
"((0, 1, 1, 1, 0, 1, 1, 1, 0), 'IDLE')",28.709059009540475
"((0, 1, 1, 1, 0, 1, 1, 0, 0), 'DELIVER')",115.31468997235966
"((0, 0, 1, 0, 0, 1, 1, 0, 0), 'STORE')",62.29831297111283
"((1, 0, 1, 0, 0, 0, 1, 0, 0), 'DELIVER')",-54.579207484900856
"((0, 0, 1, 0, 0, 0, 1, 0, 0), 'ORDER_1')",24.209454114201957
"((0, 0, 1, 0, 0, 0, 1, 1, 0), 'STORE')",32.76782208372581
"((1, 0, 1, 0, 0, 0, 0, 1, 0), 'IDLE')",19.9680490314634
"((1, 0, 1, 1, 0, 1, 0, 0, 0), 'ORDER_1')",50.581254968125045
"((1, 0, 1, 1, 0, 1, 0, 1, 0), 'ORDER_1')",-4.236782291719443
"((1, 0, 1, 1, 0, 1, 0, 1, 1), 'ORDER_1')",22.43476599832522
"((1, 0, 1, 1, 0, 1, 1, 1, 1), 'IDLE')",-0.32919237027666526
"((1, 0, 1, 1, 1, 1, 1, 1, 1), 'ORDER_1')",-40.78707716422926
"((1, 0, 1, 1, 0, 1, 1, 1, 1), 'ORDER_1')",-38.72719170165282
"((1, 0, 1, 1, 0, 1, 1, 1, 1), 'STORE')",19.798491390153096
"((1, 1, 1, 1, 1, 0, 1, 1, 0), 'ORDER_1')",-21.292653579004227
"((1, 1, 1, 1, 1, 1, 1, 1, 0), 'DELIVER')",23.096357440825223
"((0, 1, 1, 0, 0, 1, 1, 1, 0), 'DELIVER')",-43.7213461922573
"((0, 1, 1, 0, 0, 1, 1, 0, 0), 'ORDER_1')",33.473578890119036
"((0, 1, 1, 1, 0, 1, 1, 1, 0), 'DELIVER')",119.8607960717657
"((0, 0, 1, 0, 0, 1, 1, 1, 0), 'STORE')",21.6098120981853
"((1, 0, 1, 0, 0, 0, 1, 0, 0), 'ORDER_1')",52.98595699550998
"((1, 0, 1, 1, 0, 0, 1, 1, 1), 'ORDER_1')",24.389005744180373
"((1, 0, 1, 1, 1, 1, 1, 1, 1), 'IDLE')",14.22812077179917
"((1, 0, 1, 1, 0, 1, 1, 1, 0), 'STORE')",14.65313459016796
"((1, 1, 1, 1, 0, 1, 1, 0, 0), 'STORE')",34.75839842230825
"((1, 1, 1, 1, 1, 1, 1, 0, 0), 'DELIVER')",49.761324896535186
"((1, 1, 1, 1, 1, 0, 1, 0, 0), 'DELIVER')",66.84620303100257
"((0, 1, 1, 0, 0, 0, 1, 0, 0), 'ORDER_1')",37.5819388632405
"((0, 1, 1, 0, 0, 0, 1, 1, 0), 'DELIVER')",34.69519341338068
"((0, 1, 1, 0, 0, 0, 1, 1, 0), 'IDLE')",23.810523431018094
"((0, 1, 1, 0, 0, 0, 1, 0, 0), 'IDLE')",3.083337502964996
"((0, 1, 1, 0, 0, 0, 1, 0, 0), 'STORE')",24.878299203124232
"((0, 1, 1, 1, 0, 0, 0, 1, 0), 'STORE')",23.872752484997577
"((0, 0, 1, 0, 0, 1, 0, 0, 0), 'IDLE')",40.84096695094555
"((0, 0, 1, 1, 0, 1, 0, 0, 0), 'DELIVER')",114.63644539240885
"((0, 0, 0, 0, 0, 1, 0, 0, 0), 'ORDER_1')",30.14216387466878
"((0, 0, 1, 1, 0, 0, 1, 0, 0), 'IDLE')",61.53032750414844
"((0, 1, 1, 1, 1, 0, 0, 0, 0), 'DELIVER')",64.94806782158278
"((0, 0, 1, 0, 0, 0, 0, 0, 0), 'STORE')",42.21120388270267
"((0, 0, 0, 1, 0, 1, 0, 1, 0), 'IDLE')",33.70503616024336
"((0, 0, 1, 1, 1, 0, 1, 1, 0), 'ORDER_1')",23.110422985405627
"((0, 0, 1, 1, 1, 1, 1, 1, 0), 'IDLE')",-13.902860889338882
"((0, 0, 1, 1, 0, 1, 1, 1, 0), 'ORDER_1')",37.23409091390376
"((0, 0, 0, 1, 0, 1, 1, 1, 0), 'ORDER_1')",9.707524709935942
"((0, 0, 0, 1, 0, 1, 1, 1, 1), 'ORDER_1')",-4.911041336950145
"((0, 0, 0, 1, 0, 1, 1, 1, 1), 'IDLE')",1.5342577985483459
"((0, 0, 0, 1, 1, 1, 1, 1, 1), 'ORDER_1')",-44.68637359674604
"((0, 0, 0, 1, 0, 1, 1, 1, 1), 'DELIVER')",-91.23769195371538
"((0, 0, 0, 1, 1, 1, 1, 1, 0), 'IDLE')",-7.212398914228488
"((0, 1, 0, 1, 1, 0, 1, 0, 0), 'ORDER_1')",5.7244289979285625
"((0, 1, 0, 1, 1, 0, 1, 1, 0), 'DELIVER')",87.86090413454096
"((0, 0, 0, 0, 0, 1, 1, 1, 0), 'ORDER_1')",19.896955846544397
"((0, 0, 0, 1, 0, 1, 1, 1, 0), 'DELIVER')",-101.17326249018427
"((0, 0, 0, 1, 1, 1, 1, 0, 0), 'STORE')",19.05150884658873
"((1, 0, 0, 1, 0, 0, 1, 0, 0), 'STORE')",58.03067826136633
"((1, 0, 1, 1, 0, 0, 0, 0, 0), 'DELIVER')",112.15552052519264
"((0, 0, 1, 1, 0, 0, 0, 0, 0), 'STORE')",33.35787521547067
"((0, 0, 1, 1, 1, 0, 0, 0, 0), 'DELIVER')",81.67812374599507
"((0, 1, 0, 1, 0, 0, 1, 1, 0), 'IDLE')",60.16253396604675
"((0, 1, 0, 1, 1, 0, 1, 1, 0), 'IDLE')",18.807297681078524
"((0, 1, 0, 1, 1, 1, 1, 0, 0), 'IDLE')",41.51125352372538
"((0, 1, 0, 1, 0, 1, 1, 0, 0), 'IDLE')",61.83100342821741
"((0, 1, 0, 1, 0, 1, 1, 0, 0), 'ORDER_1')",30.309765058399357
"((0, 1, 0, 1, 1, 1, 1, 1, 0), 'DELIVER')",61.38049105591686
"((0, 0, 1, 1, 1, 0, 1, 0, 0), 'IDLE')",18.58944090675535
"((0, 0, 1, 1, 0, 0, 0, 0, 0), 'ORDER_1')",55.257771027492225
"((0, 0, 1, 1, 0, 0, 0, 1, 0), 'IDLE')",50.30203032933583
"((0, 0, 1, 1, 0, 1, 0, 1, 0), 'ORDER_1')",54.31543986335522
"((0, 0, 1, 1, 1, 1, 0, 1, 1), 'ORDER_1')",-14.402929838731652
"((0, 1, 1, 1, 0, 0, 1, 1, 1), 'STORE')",25.777469492996786
"((1, 1, 1, 1, 1, 1, 1, 0, 0), 'STORE')",18.768475499239266
"((1, 1, 1, 1, 1, 1, 1, 1, 0), 'ORDER_1')",-35.460985325708336
"((1, 1, 1, 1, 0, 1, 1, 1, 1), 'STORE')",6.278396331815902
"((0, 0, 1, 0, 0, 1, 1, 0, 0), 'ORDER_1')",46.70204836969046
"((0, 0, 1, 1, 0, 1, 1, 1, 1), 'ORDER_1')",23.877918396757032
"((1, 0, 1, 1, 0, 0, 1, 1, 1), 'IDLE')",48.04066347315539
"((0, 1, 1, 0, 0, 0, 1, 0, 0), 'DELIVER')",56.78836786063452
"((0, 1, 1, 0, 0, 0, 1, 1, 0), 'ORDER_1')",34.102202958153576
"((1, 1, 1, 1, 0, 0, 1, 1, 0), 'DELIVER')",88.9031809392936
"((0, 1, 1, 0, 0, 1, 1, 0, 0), 'IDLE')",-1.494968459586779
"((0, 0, 0, 1, 1, 1, 0, 1, 0), 'ORDER_1')",-7.0332181532202185
"((0, 0, 1, 1, 1, 0, 1, 0, 0), 'STORE')",13.994340481787386
"((1, 0, 1, 1, 1, 0, 0, 0, 0), 'DELIVER')",59.44177946483907
"((0, 0, 0, 0, 0, 0, 0, 1, 0), 'IDLE')",29.49101841232184
"((0, 0, 0, 0, 0, 1, 0, 1, 0), 'STORE')",40.41522768548144
"((0, 1, 0, 0, 0, 0, 0, 1, 0), 'ORDER_1')",53.13733838845537
"((0, 1, 0, 1, 0, 1, 0, 1, 0), 'ORDER_1')",63.56656666014419
"((0, 1, 0, 1, 0, 1, 0, 1, 1), 'STORE')",30.11998426475705
"((0, 1, 1, 1, 0, 0, 1, 1, 0), 'STORE')",15.888283351061105
"((0, 1, 1, 1, 0, 1, 0, 0, 0), 'IDLE')",33.632312159408166
"((0, 1, 1, 1, 0, 1, 0, 0, 0), 'STORE')",43.02457874376857
"((1, 1, 1, 1, 1, 0, 0, 1, 0), 'IDLE')",-14.70132207315845
"((1, 1, 1, 1, 0, 0, 0, 1, 0), 'STORE')",34.2658471801528
"((1, 1, 1, 1, 0, 1, 0, 0, 0), 'IDLE')",24.053359947661527
"((1, 1, 1, 1, 0, 1, 0, 0, 0), 'STORE')",45.44557896989283
"((1, 1, 1, 1, 1, 1, 0, 0, 0), 'STORE')",-20.75754574930573
"((1, 1, 1, 1, 1, 1, 0, 0, 0), 'DELIVER')",132.50162747637745
"((0, 1, 1, 0, 0, 1, 0, 0, 0), 'ORDER_1')",23.12244223383106
"((0, 1, 1, 1, 0, 1, 0, 1, 0), 'DELIVER')",129.94658354895873
"((0, 0, 1, 0, 0, 1, 0, 1, 0), 'DELIVER')",-3.227975401845768
"((0, 0, 1, 0, 0, 1, 1, 0, 0), 'DELIVER')",-77.12257133956342
"((1, 0, 1, 1, 0, 0, 1, 0, 0), 'IDLE')",58.395224420902395
"((1, 0, 1, 1, 0, 0, 1, 0, 0), 'STORE')",19.645607263710566
"((1, 1, 1, 1, 0, 0, 0, 1, 0), 'IDLE')",36.10921929202867
"((1, 1, 1, 1, 1, 0, 0, 1, 0), 'DELIVER')",46.327577660093354
"((0, 1, 1, 0, 0, 1, 0, 0, 0), 'STORE')",4.963937563319475
"((1, 1, 1, 0, 0, 0, 0, 0, 0), 'ORDER_1')",4.738741518172288
"((1, 1, 1, 1, 0, 0, 0, 1, 1), 'STORE')",37.648021604132666
"((1, 1, 1, 1, 0, 1, 0, 1, 0), 'ORDER_1')",37.057451437599624
"((0, 1, 1, 0, 0, 1, 1, 1, 0), 'STORE')",10.289629724788206
"((1, 1, 1, 1, 1, 1, 1, 1, 1), 'IDLE')",11.544624672628824
"((1, 1, 1, 1, 1, 1, 1, 1, 1), 'ORDER_1')",-43.81479215066131
"((1, 1, 1, 1, 0, 1, 1, 1, 1), 'DELIVER')",87.95565367679758
"((0, 1, 1, 0, 0, 1, 1, 1, 0), 'IDLE')",31.766875228363197
"((1, 1, 1, 1, 1, 0, 1, 1, 1), 'IDLE')",16.136057012699567
"((1, 1, 1, 1, 0, 1, 1, 1, 0), 'IDLE')",-8.283908359737811
"((1, 1, 1, 1, 0, 1, 1, 0, 0), 'ORDER_1')",13.99613123910494
"((1, 1, 1, 1, 1, 1, 1, 1, 0), 'IDLE')",-21.185759242755392
"((1, 1, 1, 1, 1, 1, 1, 0, 0), 'IDLE')",17.020096547566066
"((1, 1, 1, 1, 1, 1, 1, 1, 0), 'STORE')",-12.886943142219543
"((0, 1, 1, 1, 0, 1, 1, 0, 0), 'IDLE')",49.098243599557534
"((0, 1, 1, 1, 1, 1, 1, 0, 0), 'STORE')",13.24714710776785
"((1, 0, 1, 0, 0, 0, 1, 1, 0), 'IDLE')",30.29909140666232
"((1, 0, 1, 0, 0, 0, 1, 1, 0), 'DELIVER')",122.97487645210413
"((1, 1, 1, 0, 0, 0, 0, 0, 0), 'DELIVER')",44.569422483706816
"((0, 0, 0, 1, 0, 0, 0, 1, 1), 'ORDER_1')",41.28388371311746
"((0, 0, 0, 1, 0, 1, 0, 1, 1), 'DELIVER')",-67.74288521583101
"((0, 0, 0, 1, 0, 1, 0, 1, 1), 'ORDER_1')",18.871704030100695
"((0, 0, 0, 1, 1, 1, 1, 1, 1), 'STORE')",-3.413768651309944
"((0, 0, 0, 0, 0, 1, 1, 0, 0), 'IDLE')",32.84658998479303
"((0, 1, 1, 1, 0, 0, 0, 0, 0), 'IDLE')",30.25709032520367
"((0, 1, 1, 1, 0, 0, 0, 0, 0), 'ORDER_1')",34.29722874070394
"((0, 1, 1, 1, 1, 0, 0, 1, 0), 'DELIVER')",84.31180853287324
"((0, 0, 1, 0, 0, 0, 0, 1, 0), 'STORE')",44.375904663609575
"((0, 0, 1, 1, 0, 1, 0, 1, 0), 'DELIVER')",107.29098414953606
"((0, 0, 0, 0, 0, 1, 0, 1, 0), 'IDLE')",16.04446893587675
"((0, 0, 1, 0, 0, 0, 1, 0, 0), 'IDLE')",13.795558660918728
"((1, 0, 1, 1, 0, 0, 0, 0, 0), 'STORE')",21.003114333413137
"((0, 0, 1, 0, 0, 0, 0, 1, 0), 'ORDER_1')",47.11106954267527
"((0, 0, 1, 1, 0, 0, 0, 1, 1), 'ORDER_1')",56.51149000919523
"((0, 0, 1, 1, 0, 1, 0, 1, 1), 'STORE')",34.5215097000282
"((0, 1, 1, 1, 0, 0, 0, 1, 1), 'STORE')",43.50249389205411
"((0, 1, 1, 1, 0, 0, 0, 1, 0), 'IDLE')",44.63102055404694
"((0, 1, 1, 1, 1, 0, 0, 1, 0), 'STORE')",25.079779408228447
"((0, 1, 1, 1, 0, 0, 0, 1, 0), 'ORDER_1')",54.043594531636636
"((0, 1, 1, 0, 0, 0, 0, 1, 0), 'DELIVER')",38.825302414669046
"((0, 0, 1, 0, 0, 1, 0, 1, 0), 'STORE')",25.174498739771096
"((1, 0, 1, 1, 0, 1, 1, 1, 1), 'DELIVER')",85.23794444022684
"((0, 0, 1, 1, 0, 1, 1, 1, 1), 'DELIVER')",81.72307733120383
"((0, 0, 0, 0, 0, 1, 1, 0, 0), 'ORDER_1')",19.06410888525325
"((0, 0, 0, 0, 0, 1, 1, 1, 0), 'IDLE')",5.660301360212375
"((0, 0, 0, 1, 0, 1, 1, 1, 1), 'STORE')",59.36267144467091
"((0, 0, 0, 0, 0, 0, 1, 1, 0), 'DELIVER')",-71.22209494485222
"((0, 0, 1, 1, 0, 0, 1, 1, 0), 'ORDER_1')",51.85777138654883
"((1, 0, 1, 1, 1, 0, 1, 1, 0), 'IDLE')",-7.598263705403662
"((0, 1, 0, 1, 1, 0, 1, 1, 0), 'ORDER_1')",14.240220288453678
"((0, 1, 0, 1, 0, 0, 1, 1, 1), 'STORE')",67.13808435033135
"((1, 1, 0, 1, 0, 0, 1, 1, 0), 'STORE')",31.550700368363103
"((1, 1, 1, 1, 1, 1, 0, 1, 1), 'STORE')",-9.02659456724774
"((0, 1, 1, 1, 0, 1, 1, 0, 0), 'ORDER_1')",28.64268316310398
"((0, 0, 1, 0, 0, 1, 1, 1, 0), 'IDLE')",30.28584299711192
"((0, 1, 0, 1, 0, 0, 1, 1, 0), 'DELIVER')",119.30205124389872
"((0, 0, 0, 1, 1, 1, 1, 1, 0), 'ORDER_1')",-26.00248560164975
"((0, 0, 1, 1, 0, 0, 1, 1, 0), 'STORE')",39.2445013505708
"((0, 1, 1, 1, 1, 0, 1, 0, 0), 'IDLE')",11.55389705597491
"((0, 1, 1, 1, 0, 0, 1, 0, 0), 'DELIVER')",105.45987069607689
"((0, 0, 1, 0, 0, 0, 1, 0, 0), 'STORE')",21.274143178638784
"((1, 0, 1, 1, 0, 0, 0, 0, 0), 'ORDER_1')",60.54022470719858
"((1, 0, 1, 1, 0, 0, 0, 1, 0), 'ORDER_1')",54.29127948349031
"((1, 0, 1, 1, 0, 1, 0, 1, 0), 'IDLE')",10.0000676655594
"((1, 0, 1, 1, 1, 1, 0, 1, 0), 'STORE')",-8.042146781996209
"((0, 1, 1, 1, 0, 0, 1, 1, 0), 'ORDER_1')",34.66126133911838
"((0, 1, 1, 1, 0, 0, 1, 1, 1), 'DELIVER')",64.47658399088752
"((0, 0, 1, 0, 0, 1, 1, 1, 0), 'DELIVER')",-63.51618754457593
"((1, 0, 0, 0, 0, 0, 1, 0, 0), 'ORDER_1')",51.20781701568062
"((1, 0, 0, 0, 0, 0, 1, 1, 0), 'STORE')",13.808472881661212
"((1, 1, 0, 0, 0, 0, 0, 1, 0), 'DELIVER')",95.44324037367768
"((0, 1, 0, 0, 0, 1, 0, 0, 0), 'ORDER_1')",47.76653084428436
"((0, 1, 0, 0, 0, 1, 0, 1, 0), 'ORDER_1')",19.307876681474355
"((0, 1, 0, 0, 0, 1, 0, 1, 1), 'ORDER_1')",-10
"((0, 1, 0, 0, 0, 1, 1, 1, 1), 'IDLE')",-10
"((0, 1, 0, 1, 0, 1, 1, 1, 1), 'STORE')",0.6510387040884211
"((0, 1, 1, 0, 0, 0, 1, 1, 0), 'STORE')",30.950527095100405
"((1, 1, 1, 0, 0, 0, 1, 0, 0), 'IDLE')",47.83071789728297
"((1, 1, 1, 0, 0, 0, 1, 0, 0), 'ORDER_1')",-3.0809524205666357
"((0, 1, 1, 0, 0, 1, 1, 1, 1), 'DELIVER')",-54.17168022064556
"((0, 0, 1, 0, 0, 1, 1, 1, 1), 'DELIVER')",28.35477980621704
"((0, 0, 1, 1, 0, 1, 1, 1, 0), 'IDLE')",41.13187627543581
"((1, 0, 1, 1, 1, 0, 1, 1, 0), 'STORE')",-5.6113598089388095
"((1, 1, 1, 1, 1, 1, 0, 0, 0), 'IDLE')",0.8327104778721761
"((1, 1, 1, 1, 1, 1, 0, 0, 0), 'ORDER_1')",5.807805870261795
"((1, 1, 1, 1, 0, 1, 0, 1, 1), 'DELIVER')",112.58140243896261
"((0, 0, 0, 1, 1, 1, 0, 0, 0), 'IDLE')",-18.08176737714072
"((0, 0, 1, 1, 1, 0, 0, 1, 0), 'STORE')",-13.817828525761168
"((0, 1, 0, 1, 0, 0, 1, 0, 0), 'STORE')",54.31192801109304
"((1, 1, 0, 1, 0, 0, 0, 0, 0), 'IDLE')",42.5395018835186
"((1, 1, 0, 1, 1, 0, 0, 0, 0), 'IDLE')",10.859442046718941
"((1, 1, 0, 1, 0, 0, 0, 0, 0), 'DELIVER')",111.18806378921548
"((0, 1, 0, 0, 0, 0, 0, 0, 0), 'STORE')",35.03703192192557
"((0, 1, 0, 1, 0, 0, 0, 0, 0), 'ORDER_1')",55.689820611827344
"((0, 0, 0, 0, 0, 0, 0, 1, 0), 'STORE')",37.81300977823955
"((0, 1, 0, 1, 0, 0, 0, 0, 0), 'DELIVER')",97.00074828146093
"((0, 0, 0, 1, 0, 1, 0, 0, 0), 'IDLE')",22.533669858953985
"((0, 0, 0, 1, 1, 1, 0, 0, 0), 'STORE')",8.344042207305186
"((1, 0, 1, 1, 0, 0, 0, 0, 0), 'IDLE')",25.383595024239682
"((1, 0, 0, 1, 0, 0, 0, 1, 1), 'ORDER_1')",46.659132618938365
"((1, 0, 0, 1, 0, 1, 0, 1, 1), 'ORDER_1')",47.5888751502456
"((1, 0, 0, 1, 1, 1, 1, 1, 1), 'IDLE')",-6.273507642118345
"((1, 0, 0, 1, 0, 1, 1, 1, 1), 'ORDER_1')",2.674918382963023
"((1, 0, 0, 1, 1, 1, 1, 1, 0), 'STORE')",6.280304172249858
"((1, 0, 1, 1, 0, 0, 1, 0, 0), 'DELIVER')",120.89205923870287
"((0, 1, 1, 1, 0, 0, 1, 0, 0), 'IDLE')",55.74117283257579
"((0, 1, 1, 1, 1, 0, 1, 0, 0), 'ORDER_1')",23.135752458277693
"((1, 0, 0, 1, 0, 0, 1, 1, 0), 'IDLE')",65.02219567137433
"((1, 0, 0, 1, 0, 1, 1, 0, 0), 'ORDER_1')",59.01590004930184
"((1, 0, 0, 1, 0, 1, 1, 1, 0), 'DELIVER')",114.11526437165513
"((0, 0, 0, 1, 1, 1, 0, 1, 1), 'DELIVER')",-103.16070277355227
"((0, 0, 0, 1, 1, 1, 1, 0, 0), 'ORDER_1')",-21.505770508607313
"((0, 0, 1, 1, 0, 0, 0, 1, 1), 'IDLE')",40.81678612973457
"((0, 0, 0, 0, 0, 1, 1, 1, 1), 'DELIVER')",-113.93342871597058
"((1, 0, 0, 1, 0, 0, 1, 1, 0), 'ORDER_1')",38.69608089095085
"((1, 0, 0, 1, 0, 0, 1, 1, 1), 'ORDER_1')",38.07838984876351
"((1, 0, 0, 1, 1, 1, 1, 1, 1), 'DELIVER')",37.67457367802551
"((0, 0, 0, 0, 0, 1, 1, 1, 1), 'IDLE')",10.715733642137934
"((1, 0, 0, 0, 0, 0, 1, 0, 0), 'STORE')",61.529244045263646
"((0, 0, 0, 1, 1, 1, 0, 1, 0), 'IDLE')",-20.83269397854396
"((0, 0, 1, 1, 1, 0, 1, 0, 0), 'DELIVER')",66.68232392709061
"((0, 0, 0, 1, 0, 0, 1, 0, 0), 'STORE')",38.89803735230654
"((0, 0, 0, 1, 1, 0, 0, 0, 0), 'IDLE')",-42.508237898881184
"((0, 0, 0, 1, 1, 0, 0, 0, 0), 'STORE')",-48.735459045296935
"((0, 0, 0, 1, 1, 0, 0, 1, 0), 'DELIVER')",-117.033855121705
"((1, 0, 0, 1, 0, 0, 0, 0, 0), 'IDLE')",52.18975003764439
"((1, 0, 0, 1, 1, 0, 0, 0, 0), 'IDLE')",5.994308306137497
"((1, 0, 0, 1, 1, 0, 0, 0, 0), 'DELIVER')",66.98705255528252
"((0, 0, 0, 1, 0, 0, 0, 1, 1), 'IDLE')",24.115199862375345
"((0, 0, 0, 1, 1, 1, 0, 1, 0), 'STORE')",21.640840947006886
"((0, 0, 1, 1, 0, 1, 0, 0, 0), 'STORE')",51.58183429160824
"((1, 0, 0, 1, 0, 0, 0, 0, 0), 'STORE')",33.1770707295114
"((1, 0, 0, 1, 0, 0, 0, 0, 0), 'ORDER_1')",56.34479788704734
"((1, 0, 0, 1, 1, 0, 0, 1, 0), 'DELIVER')",66.17880966039176
"((0, 1, 0, 0, 0, 0, 0, 0, 0), 'IDLE')",31.247309261107095
"((0, 1, 0, 1, 0, 0, 0, 0, 0), 'IDLE')",44.548221182107085
"((0, 0, 0, 1, 1, 1, 0, 1, 0), 'DELIVER')",-106.16424313734264
"((1, 0, 1, 1, 1, 0, 0, 1, 0), 'DELIVER')",126.24000406681876
"((0, 0, 0, 0, 0, 1, 0, 0, 0), 'IDLE')",23.678678423924843
"((0, 0, 0, 0, 0, 1, 0, 0, 0), 'DELIVER')",-68.93049112256436
"((0, 0, 1, 1, 0, 0, 0, 1, 1), 'STORE')",51.14356787609172
"((1, 0, 1, 1, 1, 0, 0, 1, 0), 'ORDER_1')",-4.423891926495038
"((1, 0, 1, 1, 0, 0, 0, 1, 1), 'ORDER_1')",20.229285180602613
"((1, 0, 1, 1, 0, 1, 0, 1, 1), 'DELIVER')",98.05339784832856
"((0, 0, 1, 0, 0, 1, 0, 1, 1), 'ORDER_1')",1.1488224513345795
"((1, 1, 1, 1, 1, 0, 1, 0, 0), 'STORE')",-2.1212305302205756
"((0, 1, 1, 1, 0, 1, 1, 1, 1), 'STORE')",33.69613180619788
"((1, 0, 0, 1, 0, 0, 0, 1, 0), 'IDLE')",48.931627129356
"((1, 0, 0, 1, 1, 1, 0, 0, 0), 'STORE')",59.95425724767696
"((1, 1, 0, 1, 1, 0, 0, 0, 0), 'DELIVER')",66.80303855609601
"((0, 1, 0, 0, 0, 0, 0, 0, 0), 'DELIVER')",30.558194638513157
"((1, 0, 1, 1, 1, 0, 1, 0, 0), 'IDLE')",6.690068430533017
"((1, 0, 1, 1, 1, 0, 1, 0, 0), 'ORDER_1')",-8.273257155038994
"((1, 0, 1, 1, 0, 0, 1, 1, 0), 'IDLE')",40.505230723647436
"((0, 0, 1, 0, 0, 1, 0, 1, 0), 'IDLE')",45.46079508620433
"((1, 1, 0, 1, 0, 0, 0, 1, 0), 'ORDER_1')",16.469759178086854
"((1, 1, 0, 1, 1, 1, 0, 1, 0), 'IDLE')",13.647368140519328
"((1, 1, 0, 1, 0, 1, 0, 1, 0), 'DELIVER')",140.10736812201694
"((0, 1, 0, 0, 0, 1, 1, 0, 0), 'ORDER_1')",49.82670428028534
"((0, 1, 0, 0, 0, 1, 1, 1, 0), 'DELIVER')",82.2021082098702
"((0, 0, 1, 0, 0, 0, 1, 1, 0), 'DELIVER')",53.848175934767085
"((1, 0, 0, 1, 1, 0, 1, 0, 0), 'DELIVER')",102.97126125778323
"((0, 0, 0, 0, 0, 0, 1, 0, 0), 'IDLE')",25.32179334368542
"((0, 0, 0, 1, 0, 0, 1, 1, 0), 'STORE')",50.966961340974166
"((1, 0, 1, 1, 1, 0, 0, 1, 0), 'STORE')",5.745964833569637
"((1, 0, 1, 1, 0, 0, 0, 1, 0), 'IDLE')",47.55841726306821
"((1, 0, 1, 1, 0, 1, 0, 0, 0), 'STORE')",47.07788509940255
"((0, 0, 1, 1, 1, 1, 0, 1, 0), 'STORE')",30.894647471126696
"((0, 1, 1, 1, 1, 0, 1, 0, 0), 'STORE')",13.492128153976093
"((1, 1, 1, 1, 0, 0, 0, 0, 0), 'STORE')",30.844350116269908
"((0, 1, 1, 1, 1, 1, 0, 0, 0), 'DELIVER')",130.2085485599133
"((0, 1, 1, 1, 1, 0, 0, 1, 1), 'STORE')",25.70564544866866
"((1, 1, 1, 1, 1, 1, 0, 1, 0), 'STORE')",-3.2080908180553944
"((1, 1, 1, 1, 0, 1, 0, 1, 0), 'STORE')",38.57791795108489
"((0, 0, 1, 0, 0, 0, 1, 1, 0), 'ORDER_1')",55.66873266361716
"((0, 0, 1, 1, 0, 0, 1, 0, 0), 'DELIVER')",114.68897201909932
"((0, 0, 0, 0, 0, 0, 1, 0, 0), 'STORE')",48.93888124085801
"((0, 1, 0, 1, 0, 0, 0, 1, 0), 'IDLE')",56.19148995323629
"((0, 0, 1, 1, 1, 0, 0, 1, 0), 'IDLE')",8.529296413365838
"((0, 0, 0, 1, 0, 1, 0, 1, 1), 'IDLE')",9.123321862445454
"((1, 1, 0, 1, 1, 0, 0, 0, 0), 'STORE')",-19.026057401249652
"((0, 0, 1, 1, 1, 0, 0, 0, 0), 'ORDER_1')",36.51939163385545
"((0, 0, 1, 1, 0, 0, 0, 1, 0), 'DELIVER')",112.70413220773034
"((1, 0, 0, 1, 0, 0, 1, 0, 0), 'DELIVER')",109.39917717528017
"((0, 0, 1, 1, 1, 0, 1, 1, 0), 'STORE')",17.77473427058282
"((0, 1, 1, 1, 0, 0, 0, 1, 1), 'ORDER_1')",56.53147250566576
"((0, 1, 1, 1, 0, 1, 0, 1, 1), 'DELIVER')",114.26981305030105
"((0, 0, 1, 1, 0, 1, 0, 1, 1), 'IDLE')",42.79857607785224
"((1, 0, 1, 1, 1, 1, 1, 0, 0), 'DELIVER')",134.67670925431636
"((1, 0, 1, 1, 1, 0, 1, 1, 0), 'DELIVER')",73.45445435343089
"((0, 0, 1, 1, 1, 0, 1, 0, 0), 'ORDER_1')",20.38773181243522
"((0, 0, 1, 1, 0, 0, 1, 1, 1), 'ORDER_1')",52.16277938242123
"((0, 1, 0, 1, 0, 0, 1, 1, 1), 'DELIVER')",105.37794074320765
"((0, 0, 0, 1, 0, 0, 1, 0, 0), 'ORDER_1')",39.75278104941266
"((0, 0, 0, 1, 0, 0, 1, 1, 0), 'ORDER_1')",38.746144491599786
"((0, 0, 0, 1, 0, 0, 1, 1, 1), 'DELIVER')",-99.4403964666153
"((1, 0, 0, 1, 1, 0, 1, 1, 0), 'ORDER_1')",10.963962354181543
"((1, 0, 0, 1, 0, 1, 1, 1, 0), 'STORE')",34.27514458095984
"((1, 1, 0, 1, 0, 0, 1, 1, 0), 'IDLE')",49.24496590154496
"((1, 1, 0, 1, 0, 1, 1, 0, 0), 'DELIVER')",92.56519884854212
"((1, 1, 0, 1, 1, 0, 1, 0, 0), 'DELIVER')",81.78696531303773
"((0, 1, 0, 1, 0, 0, 1, 0, 0), 'DELIVER')",111.78304491459718
"((0, 0, 0, 1, 0, 0, 1, 1, 0), 'IDLE')",40.34197634667803
"((0, 0, 1, 1, 1, 1, 0, 0, 0), 'IDLE')",18.94005392402923
"((1, 0, 1, 1, 1, 1, 0, 0, 0), 'IDLE')",3.6901766262892792
"((1, 0, 1, 1, 1, 1, 0, 0, 0), 'DELIVER')",128.49216583873294
"((0, 1, 0, 0, 0, 0, 0, 0, 0), 'ORDER_1')",46.29354774385068
"((0, 1, 0, 0, 0, 0, 0, 1, 0), 'DELIVER')",62.40410430467095
"((0, 0, 0, 1, 0, 0, 1, 0, 0), 'DELIVER')",-69.64791754347911
"((0, 1, 0, 1, 1, 0, 0, 1, 0), 'STORE')",0.5834806145010605
"((0, 1, 1, 1, 1, 0, 0, 0, 0), 'ORDER_1')",3.8528970799060716
"((0, 1, 1, 1, 1, 0, 0, 1, 0), 'IDLE')",-2.0504408714356845
"((1, 1, 1, 1, 1, 0, 0, 0, 0), 'DELIVER')",75.71079028906672
"((0, 1, 1, 1, 1, 0, 0, 0, 0), 'STORE')",17.39699208102029
"((0, 0, 1, 0, 0, 0, 0, 1, 0), 'IDLE')",49.09771697844041
"((0, 0, 1, 1, 0, 0, 1, 1, 1), 'DELIVER')",112.46356149284442
"((1, 0, 0, 1, 0, 1, 1, 0, 0), 'DELIVER')",121.79182954913705
"((0, 1, 0, 1, 0, 1, 0, 1, 0), 'DELIVER')",105.40409552298776
"((0, 1, 0, 1, 0, 0, 0, 0, 0), 'STORE')",29.761524923086853
"((0, 1, 0, 1, 0, 0, 0, 1, 1), 'STORE')",60.302944320648955
"((1, 0, 1, 1, 1, 1, 1, 1, 0), 'STORE')",21.287495331167772
"((1, 1, 1, 1, 0, 1, 1, 1, 0), 'ORDER_1')",24.622778935953157
"((1, 0, 1, 0, 0, 0, 0, 0, 0), 'DELIVER')",106.80182787538287
"((1, 0, 1, 0, 0, 0, 0, 0, 0), 'ORDER_1')",27.041628836000804
"((1, 0, 1, 1, 0, 1, 0, 0, 0), 'IDLE')",13.513915556210002
"((1, 0, 1, 1, 1, 1, 0, 1, 0), 'DELIVER')",124.61730909200608
"((1, 1, 1, 1, 0, 0, 0, 1, 1), 'IDLE')",12.909094781064931
"((1, 1, 1, 1, 0, 1, 0, 1, 0), 'IDLE')",45.841000463613
"((0, 0, 1, 0, 0, 0, 1, 1, 0), 'IDLE')",47.14832002007658
"((1, 1, 1, 1, 0, 0, 0, 1, 1), 'ORDER_1')",32.29585110801942
"((0, 1, 1, 0, 0, 1, 0, 1, 1), 'DELIVER')",102.8218195619655
"((0, 0, 1, 0, 0, 1, 1, 1, 1), 'IDLE')",15.742550549972892
"((1, 1, 1, 1, 0, 0, 1, 1, 1), 'IDLE')",36.08892128332308
"((0, 0, 0, 1, 0, 0, 1, 0, 0), 'IDLE')",21.605719430793016
"((1, 0, 0, 1, 0, 1, 0, 0, 0), 'DELIVER')",111.9515129965641
"((1, 0, 0, 1, 0, 0, 0, 1, 0), 'STORE')",32.94271866514731
"((1, 0, 1, 1, 1, 0, 0, 0, 0), 'STORE')",-13.878163788292472
"((1, 0, 1, 1, 1, 1, 0, 1, 1), 'ORDER_1')",-11.930739831705411
"((1, 0, 1, 1, 1, 1, 0, 1, 1), 'DELIVER')",50.04157672453543
"((0, 0, 1, 1, 0, 1, 1, 0, 0), 'IDLE')",64.79440174031285
"((1, 0, 0, 1, 1, 0, 1, 1, 1), 'DELIVER')",62.761094336266225
"((1, 1, 0, 1, 0, 0, 0, 0, 0), 'ORDER_1')",54.60660483156655
"((1, 1, 0, 1, 1, 0, 0, 1, 0), 'IDLE')",13.458669614345071
"((1, 1, 0, 1, 0, 0, 0, 1, 0), 'DELIVER')",124.33156814747205
"((0, 1, 0, 0, 0, 1, 0, 0, 0), 'DELIVER')",43.13034570605336
"((1, 0, 0, 1, 0, 0, 0, 1, 0), 'ORDER_1')",34.476049964447924
"((1, 0, 0, 1, 0, 1, 0, 1, 1), 'IDLE')",42.761362761747094
"((1, 0, 0, 1, 1, 1, 0, 1, 1), 'ORDER_1')",-42.00057238787926
"((1, 0, 0, 1, 0, 1, 1, 1, 1), 'IDLE')",36.15922507344828
"((0, 0, 0, 1, 1, 1, 0, 1, 1), 'STORE')",27.67958252395613
"((0, 0, 0, 1, 1, 0, 0, 1, 1), 'IDLE')",-11.211619910170473
"((0, 0, 0, 1, 1, 0, 1, 1, 1), 'IDLE')",-50
"((0, 0, 1, 1, 1, 1, 1, 1, 0), 'STORE')",11.88437799997266
"((1, 0, 1, 1, 1, 0, 1, 1, 0), 'ORDER_1')",38.0936020506726
"((1, 0, 1, 0, 0, 0, 0, 1, 0), 'DELIVER')",98.45532477544225
"((0, 1, 0, 0, 0, 0, 0, 1, 0), 'IDLE')",35.67729058796891
"((0, 1, 0, 1, 0, 1, 0, 1, 0), 'IDLE')",63.69325669583655
"((0, 1, 0, 1, 0, 1, 1, 1, 0), 'ORDER_1')",37.65686294358557
"((0, 0, 1, 1, 1, 0, 0, 0, 0), 'STORE')",-6.924250819374437
"((1, 1, 0, 1, 1, 0, 0, 1, 0), 'STORE')",10.74023639084254
"((1, 1, 0, 1, 1, 0, 0, 1, 0), 'DELIVER')",88.26894341254922
"((0, 1, 0, 0, 0, 1, 0, 1, 0), 'STORE')",45.07729038909771
"((0, 1, 1, 1, 0, 1, 0, 0, 0), 'ORDER_1')",56.18294033520396
"((0, 1, 1, 1, 0, 1, 0, 1, 0), 'IDLE')",50.58475711723097
"((0, 1, 1, 1, 0, 1, 0, 1, 0), 'STORE')",37.58105431027794
"((1, 1, 1, 1, 0, 1, 0, 0, 0), 'ORDER_1')",33.98807074918742
"((1, 1, 1, 1, 1, 1, 0, 1, 1), 'IDLE')",-13.95688669854319
"((1, 1, 0, 1, 0, 0, 0, 1, 1), 'STORE')",25.030046171995416
"((1, 1, 1, 1, 1, 0, 0, 1, 1), 'ORDER_1')",-25.371101034305056
"((1, 0, 1, 1, 1, 0, 0, 0, 0), 'ORDER_1')",7.281953904522801
"((0, 1, 1, 1, 1, 1, 0, 1, 1), 'IDLE')",-10.781147895202704
"((1, 0, 1, 0, 0, 0, 0, 0, 0), 'STORE')",33.49738010228198
"((0, 0, 1, 1, 0, 0, 0, 1, 1), 'DELIVER')",106.93141669336886
"((1, 0, 0, 1, 1, 0, 1, 0, 0), 'ORDER_1')",8.965088889095185
"((1, 0, 0, 1, 1, 0, 1, 1, 0), 'DELIVER')",58.80921952491172
"((0, 0, 1, 1, 0, 0, 1, 1, 1), 'STORE')",57.05939467730362
"((0, 0, 1, 1, 0, 1, 0, 1, 1), 'DELIVER')",107.68548223713721
"((1, 0, 0, 1, 1, 0, 0, 1, 0), 'STORE')",-6.860808218381438
"((0, 0, 1, 1, 1, 1, 0, 1, 1), 'IDLE')",-31.981084773602866
"((0, 0, 1, 1, 1, 1, 1, 1, 0), 'DELIVER')",91.61819282305541
"((0, 1, 0, 0, 0, 0, 1, 0, 0), 'STORE')",43.89907884641889
"((1, 1, 0, 1, 0, 0, 0, 0, 0), 'STORE')",9.85878300388303
"((0, 1, 0, 0, 0, 1, 0, 1, 0), 'IDLE')",50.22450102537782
"((0, 1, 0, 1, 0, 1, 1, 1, 0), 'IDLE')",41.810240925473906
"((0, 1, 0, 1, 0, 1, 1, 1, 1), 'DELIVER')",83.48416188042457
"((1, 0, 1, 1, 0, 1, 1, 0, 0), 'IDLE')",54.446399494781105
"((1, 0, 0, 0, 0, 0, 0, 0, 0), 'STORE')",40.40518825568708
"((1, 0, 0, 0, 0, 0, 0, 0, 0), 'DELIVER')",-4.37048696860289
"((0, 0, 1, 1, 1, 1, 1, 1, 0), 'ORDER_1')",-1.3889066507238907
"((0, 0, 1, 1, 1, 1, 1, 0, 0), 'ORDER_1')",27.005743712325135
"((0, 0, 0, 1, 0, 0, 0, 1, 1), 'DELIVER')",-72.87447225997087
"((1, 1, 0, 1, 0, 0, 0, 1, 0), 'IDLE')",49.052818547032146
"((1, 1, 0, 1, 1, 1, 0, 1, 0), 'STORE')",-13.967842810804282
"((0, 1, 0, 1, 1, 0, 0, 1, 0), 'DELIVER')",80.75252719701889
"((0, 0, 0, 1, 1, 1, 1, 1, 1), 'IDLE')",-47.46200355589854
"((1, 0, 0, 0, 0, 0, 1, 1, 0), 'IDLE')",24.804356005911014
"((0, 1, 1, 1, 1, 1, 1, 1, 1), 'DELIVER')",56.37833165662053
"((1, 1, 1, 1, 0, 1, 0, 0, 0), 'DELIVER')",110.2548030021681
"((0, 1, 1, 1, 1, 1, 1, 0, 0), 'ORDER_1')",-26.65970308052287
"((0, 1, 0, 1, 1, 0, 0, 1, 0), 'IDLE')",30.455975833648537
"((0, 1, 0, 1, 1, 1, 0, 0, 0), 'ORDER_1')",24.810286106407077
"((0, 1, 0, 1, 0, 1, 0, 1, 0), 'STORE')",62.072692918005984
"((0, 1, 0, 1, 1, 1, 1, 0, 0), 'STORE')",40.21849676757134
"((0, 1, 1, 1, 1, 0, 1, 0, 0), 'DELIVER')",62.35295119221246
"((1, 0, 1, 0, 0, 0, 0, 0, 0), 'IDLE')",55.017709725854814
"((1, 0, 0, 1, 0, 1, 1, 1, 0), 'IDLE')",59.023565331816314
"((1, 0, 1, 1, 0, 0, 1, 1, 1), 'DELIVER')",123.57498472942284
"((0, 1, 1, 1, 0, 0, 0, 1, 1), 'DELIVER')",125.90556234035284
"((1, 1, 1, 1, 1, 0, 0, 0, 0), 'IDLE')",-3.64639108477573
"((1, 1, 1, 0, 0, 0, 0, 0, 0), 'IDLE')",26.648357213362324
"((0, 1, 1, 1, 0, 1, 0, 0, 0), 'DELIVER')",105.49197601825821
"((0, 0, 1, 1, 1, 1, 1, 0, 0), 'IDLE')",30.210583455373072
"((1, 1, 0, 1, 0, 0, 0, 1, 1), 'ORDER_1')",20.32
"((1, 1, 0, 1, 0, 1, 0, 1, 1), 'STORE')",26.091006025961843
"((1, 1, 1, 1, 1, 0, 0, 1, 1), 'STORE')",-0.7992489781788503
"((1, 1, 1, 0, 0, 0, 1, 0, 0), 'DELIVER')",59.8860863378893
"((1, 1, 1, 0, 0, 0, 0, 1, 0), 'STORE')",44.70676289440426
"((1, 1, 1, 0, 0, 0, 0, 0, 0), 'STORE')",39.53650449720781
"((0, 1, 1, 0, 0, 0, 0, 1, 0), 'ORDER_1')",48.40813626241815
"((0, 1, 1, 1, 1, 0, 0, 0, 0), 'IDLE')",3.4327009037247462
"((0, 0, 0, 0, 0, 1, 0, 1, 1), 'DELIVER')",-62.52411730176511
"((0, 1, 0, 1, 0, 0, 1, 1, 0), 'ORDER_1')",21.060121885750256
"((0, 1, 0, 1, 0, 0, 1, 1, 1), 'ORDER_1')",41.10270030627793
"((0, 1, 0, 1, 1, 1, 1, 1, 1), 'IDLE')",-3.9201650553870344
"((0, 1, 0, 1, 0, 1, 1, 1, 0), 'DELIVER')",101.07671594718813
"((1, 0, 1, 1, 1, 0, 0, 0, 0), 'IDLE')",0.41381889293165575
"((1, 0, 0, 1, 1, 0, 1, 0, 0), 'IDLE')",40.5213761769199
"((0, 0, 0, 1, 0, 0, 1, 1, 1), 'IDLE')",30.636575627441374
"((0, 1, 0, 0, 0, 0, 1, 0, 0), 'ORDER_1')",54.73380874708305
"((0, 1, 0, 0, 0, 0, 1, 1, 0), 'STORE')",57.31227169853858
"((1, 1, 1, 1, 0, 0, 0, 1, 1), 'DELIVER')",103.87933669120432
"((0, 1, 1, 0, 0, 1, 0, 1, 0), 'IDLE')",19.6877565743025
"((0, 1, 0, 0, 0, 0, 1, 0, 0), 'IDLE')",60.487064972634094
"((0, 1, 1, 1, 1, 0, 1, 1, 0), 'STORE')",-1.1890649582999053
"((1, 1, 1, 1, 1, 1, 0, 1, 1), 'DELIVER')",89.0351078478516
"((0, 1, 1, 0, 0, 1, 1, 1, 1), 'STORE')",13.02493765699433
"((1, 1, 1, 1, 0, 1, 1, 0, 0), 'DELIVER')",125.3923407507253
"((1, 1, 1, 1, 1, 0, 1, 1, 0), 'STORE')",-2.19745347028727
"((1, 1, 1, 1, 0, 1, 0, 1, 1), 'IDLE')",26.622065325963483
"((1, 1, 1, 1, 0, 0, 1, 1, 1), 'ORDER_1')",12.116680225865583
"((1, 1, 1, 1, 1, 0, 1, 1, 0), 'IDLE')",1.3586171160197544
"((1, 1, 1, 1, 1, 0, 0, 1, 0), 'STORE')",-32.722273589309054
"((1, 1, 1, 1, 0, 1, 0, 1, 1), 'ORDER_1')",21.435265309549496
"((1, 1, 1, 1, 0, 1, 1, 1, 1), 'IDLE')",4.7914215613625455
"((1, 1, 1, 1, 1, 1, 1, 1, 1), 'DELIVER')",28.407968162122607
"((1, 1, 1, 0, 0, 0, 1, 1, 0), 'DELIVER')",90.20126225143548
"((1, 1, 1, 0, 0, 0, 1, 1, 0), 'STORE')",40.00603435378497
"((1, 1, 1, 0, 0, 1, 1, 0, 0), 'DELIVER')",70
"((0, 1, 1, 0, 0, 1, 1, 0, 0), 'DELIVER')",29.576047507289502
"((1, 0, 1, 1, 1, 1, 0, 1, 0), 'IDLE')",-40.70896733030874
"((1, 0, 1, 1, 0, 1, 1, 0, 0), 'STORE')",41.3621516224789
"((0, 1, 0, 1, 1, 0, 0, 0, 0), 'STORE')",-9.5595835464479
"((0, 1, 1, 1, 1, 0, 1, 1, 1), 'STORE')",15.995723556109427
"((1, 0, 1, 1, 0, 1, 0, 0, 0), 'DELIVER')",120.87845874318212
"((1, 0, 1, 0, 0, 0, 1, 1, 0), 'ORDER_1')",42.92567364136473
"((1, 0, 1, 0, 0, 0, 1, 1, 1), 'IDLE')",0
"((1, 0, 0, 0, 0, 0, 1, 1, 0), 'DELIVER')",-110.0
"((1, 0, 0, 0, 0, 1, 1, 0, 0), 'IDLE')",-10
"((1, 0, 0, 1, 0, 1, 1, 0, 0), 'STORE')",61.71141620032114
"((1, 1, 0, 1, 0, 0, 1, 0, 0), 'DELIVER')",124.9310910281397
"((0, 1, 0, 0, 0, 0, 1, 1, 0), 'ORDER_1')",33.72850705973636
"((0, 1, 1, 1, 0, 0, 1, 1, 1), 'IDLE')",42.933669240133625
"((1, 0, 1, 1, 1, 0, 0, 1, 1), 'DELIVER')",97.57787921507062
"((0, 0, 1, 1, 1, 0, 1, 1, 0), 'IDLE')",11.65981841370118
"((1, 1, 0, 1, 0, 0, 1, 0, 0), 'STORE')",29.802761217087358
"((1, 0, 0, 1, 0, 1, 0, 1, 0), 'DELIVER')",128.29988993854417
"((1, 1, 0, 1, 1, 1, 0, 1, 0), 'DELIVER')",78.85772139476916
"((0, 1, 0, 1, 0, 1, 0, 0, 0), 'IDLE')",57.87738886142493
"((0, 1, 0, 1, 1, 1, 0, 0, 0), 'STORE')",-28.50234377498247
"((0, 1, 0, 1, 1, 0, 0, 0, 0), 'DELIVER')",57.829221307291725
"((0, 1, 1, 1, 0, 1, 0, 1, 1), 'IDLE')",52.68027700351742
"((0, 1, 0, 1, 0, 1, 0, 0, 0), 'STORE')",56.96747935118832
"((0, 1, 1, 1, 1, 1, 0, 1, 1), 'ORDER_1')",-15.89373478633659
"((1, 1, 1, 1, 1, 0, 1, 0, 0), 'ORDER_1')",7.557582953373956
"((0, 1, 1, 0, 0, 1, 1, 1, 1), 'IDLE')",4.467352832978973
"((1, 1, 1, 1, 0, 0, 1, 1, 1), 'DELIVER')",94.9996156169077
"((0, 0, 1, 1, 1, 0, 0, 0, 0), 'IDLE')",5.592119008752332
"((1, 0, 0, 0, 0, 0, 0, 1, 0), 'ORDER_1')",15.919303001767325
"((1, 0, 0, 1, 0, 1, 0, 1, 0), 'STORE')",34.31446311554102
"((0, 1, 0, 1, 1, 0, 1, 1, 0), 'STORE')",28.503499170712455
"((1, 1, 1, 1, 1, 1, 0, 1, 0), 'DELIVER')",115.24162148320565
"((1, 1, 1, 0, 0, 0, 1, 0, 0), 'STORE')",48.88955549937541
"((1, 0, 1, 0, 0, 0, 1, 0, 0), 'IDLE')",23.92412323495115
"((0, 1, 1, 1, 0, 1, 0, 1, 1), 'STORE')",44.69142007794879
"((1, 0, 1, 1, 1, 1, 0, 0, 0), 'ORDER_1')",2.149651348563321
"((1, 0, 1, 1, 0, 1, 0, 1, 0), 'DELIVER')",110.78282392946716
"((0, 0, 0, 1, 1, 1, 0, 0, 0), 'ORDER_1')",7.972164242741762
"((0, 0, 0, 1, 1, 1, 0, 1, 1), 'IDLE')",-7.332563602101105
"((0, 1, 0, 1, 1, 1, 1, 1, 1), 'ORDER_1')",-32.37841430337026
"((0, 1, 0, 1, 0, 1, 1, 1, 1), 'ORDER_1')",16.385168243598926
"((0, 1, 0, 1, 0, 1, 1, 1, 1), 'IDLE')",25.949841497898227
"((0, 1, 0, 1, 1, 1, 1, 1, 0), 'ORDER_1')",3.464795819985383
"((1, 0, 1, 1, 0, 1, 1, 1, 0), 'ORDER_1')",17.492082563772072
"((1, 0, 1, 1, 1, 1, 1, 1, 1), 'STORE')",-60.66076607792558
"((1, 0, 1, 1, 1, 1, 1, 1, 0), 'DELIVER')",125.87566748403943
"((1, 0, 0, 1, 0, 0, 1, 1, 1), 'STORE')",37.02882714008713
"((0, 0, 1, 1, 1, 0, 1, 1, 1), 'IDLE')",0.04728376527612144
"((1, 0, 1, 1, 0, 1, 1, 1, 0), 'DELIVER')",89.10703629259213
"((1, 0, 0, 1, 1, 0, 1, 1, 1), 'ORDER_1')",-1.502401976531825
"((1, 0, 0, 1, 0, 1, 1, 1, 1), 'DELIVER')",103.4171279914049
"((1, 0, 1, 1, 1, 0, 1, 0, 0), 'STORE')",3.261869196734632
"((1, 0, 0, 1, 1, 1, 1, 1, 0), 'DELIVER')",53.96301631360126
"((0, 1, 0, 1, 0, 0, 0, 1, 1), 'IDLE')",35.70847930734756
"((1, 1, 0, 1, 0, 0, 1, 0, 0), 'ORDER_1')",69.45246083921701
"((1, 1, 0, 1, 0, 0, 1, 1, 0), 'ORDER_1')",38.233950640675275
"((1, 1, 0, 1, 1, 1, 1, 1, 0), 'IDLE')",-30.50441643166345
"((1, 1, 0, 1, 1, 1, 1, 1, 0), 'ORDER_1')",-21.157608238582377
"((1, 1, 0, 1, 0, 1, 1, 1, 0), 'ORDER_1')",-8.39639564595398
"((1, 1, 0, 1, 0, 1, 1, 1, 1), 'IDLE')",-25.44159169252589
"((1, 1, 0, 1, 1, 1, 1, 1, 1), 'STORE')",-33.90574483898677
"((1, 1, 0, 1, 0, 1, 0, 1, 0), 'STORE')",51.60579801302029
"((1, 0, 1, 0, 0, 0, 1, 0, 0), 'STORE')",38.48273746917237
"((1, 0, 0, 0, 0, 0, 0, 0, 0), 'ORDER_1')",54.35726408261108
"((1, 0, 1, 1, 0, 1, 1, 0, 0), 'DELIVER')",105.73491142630152
"((0, 1, 0, 1, 1, 1, 1, 1, 0), 'STORE')",11.960933445435323
"((1, 0, 1, 1, 0, 1, 1, 0, 0), 'ORDER_1')",29.96488017683947
"((1, 0, 1, 1, 1, 1, 1, 1, 0), 'ORDER_1')",-61.879746266288194
"((0, 0, 1, 1, 1, 0, 0, 1, 0), 'DELIVER')",94.63640840644139
"((0, 1, 1, 1, 1, 1, 0, 1, 0), 'DELIVER')",131.3995942334595
"((0, 1, 1, 0, 0, 1, 0, 1, 0), 'STORE')",44.12829016528751
"((0, 1, 1, 0, 0, 1, 0, 1, 0), 'DELIVER')",56.93064646734649
"((1, 1, 0, 1, 1, 0, 1, 1, 0), 'ORDER_1')",-5.316112516278985
"((1, 1, 0, 1, 1, 0, 1, 1, 1), 'STORE')",-70
"((0, 1, 0, 1, 1, 0, 0, 1, 0), 'ORDER_1')",13.602408482073848
"((0, 1, 0, 1, 0, 0, 0, 1, 1), 'ORDER_1')",64.54586565775632
"((0, 1, 0, 1, 0, 1, 0, 1, 1), 'IDLE')",47.259495931315605
"((0, 1, 0, 1, 1, 1, 0, 1, 1), 'STORE')",22.737125786675094
"((1, 0, 0, 1, 1, 1, 0, 1, 0), 'IDLE')",17.67566491919426
"((1, 1, 0, 1, 0, 0, 1, 0, 0), 'IDLE')",39.86235735015934
"((0, 1, 0, 0, 0, 0, 1, 1, 1), 'DELIVER')",90
"((1, 0, 0, 1, 0, 1, 0, 1, 0), 'IDLE')",54.41087743579241
"((1, 0, 0, 1, 1, 1, 1, 0, 0), 'STORE')",17.584836813689158
"((0, 1, 0, 1, 1, 1, 1, 0, 0), 'ORDER_1')",1.611766656741588
"((0, 1, 0, 1, 1, 1, 1, 1, 0), 'IDLE')",29.511667890320563
"((0, 1, 0, 1, 0, 1, 1, 1, 0), 'STORE')",41.248599653974566
"((0, 1, 1, 1, 1, 0, 1, 1, 0), 'IDLE')",10.170366670433186
"((0, 1, 1, 1, 1, 1, 1, 0, 0), 'IDLE')",-10.880385073340706
"((0, 0, 1, 1, 1, 1, 1, 1, 1), 'IDLE')",-3.29311823703134
"((0, 0, 1, 1, 1, 1, 1, 1, 1), 'DELIVER')",58.43966865557713
"((0, 0, 1, 1, 1, 1, 0, 1, 0), 'IDLE')",28.721304475544606
"((0, 0, 1, 1, 1, 1, 1, 0, 0), 'DELIVER')",115.11819224272286
"((0, 1, 1, 1, 1, 0, 1, 1, 0), 'ORDER_1')",-9.345011885561629
"((0, 1, 1, 1, 1, 1, 1, 1, 0), 'IDLE')",-20.33591997292389
"((0, 1, 1, 1, 1, 1, 1, 1, 0), 'ORDER_1')",-16.0451423879421
"((0, 1, 1, 1, 1, 1, 1, 1, 0), 'DELIVER')",48.98934587400108
"((1, 0, 0, 0, 0, 0, 0, 0, 0), 'IDLE')",45.897185302618134
"((1, 0, 0, 1, 0, 0, 0, 1, 1), 'IDLE')",15.635282381088842
"((1, 0, 1, 1, 0, 1, 0, 1, 0), 'STORE')",-2.206922536461107
"((1, 0, 0, 1, 0, 1, 0, 1, 1), 'STORE')",31.20585711862897
"((1, 1, 0, 1, 1, 0, 1, 1, 0), 'DELIVER')",139.19208575025635
"((0, 1, 0, 0, 0, 1, 1, 0, 0), 'STORE')",6.501623159146963
"((1, 0, 0, 1, 1, 1, 0, 1, 1), 'STORE')",14.42167951183485
"((1, 0, 1, 1, 1, 0, 0, 1, 1), 'STORE')",-10.911601026629748
"((0, 1, 0, 1, 1, 1, 0, 1, 1), 'DELIVER')",67.47937895504036
"((0, 1, 0, 0, 0, 0, 1, 0, 0), 'DELIVER')",52.84520252912829
"((0, 0, 0, 1, 0, 0, 1, 1, 1), 'STORE')",72.54240708084102
"((1, 0, 1, 0, 0, 0, 1, 1, 0), 'STORE')",39.354419902169724
"((0, 1, 1, 0, 0, 0, 1, 1, 1), 'ORDER_1')",23.34883658463912
"((0, 1, 0, 1, 0, 1, 0, 0, 0), 'DELIVER')",112.822757842664
"((1, 0, 0, 1, 1, 0, 0, 0, 0), 'ORDER_1')",-3.1760104943629806
"((1, 1, 0, 1, 1, 0, 1, 0, 0), 'STORE')",14.572431766528528
"((0, 0, 0, 1, 1, 1, 1, 1, 1), 'DELIVER')",-143.31976766324397
"((0, 1, 0, 1, 1, 1, 1, 1, 1), 'DELIVER')",93.8402512418939
"((1, 0, 0, 1, 1, 1, 0, 1, 0), 'STORE')",28.69742652860771
"((1, 1, 0, 1, 1, 0, 0, 1, 0), 'ORDER_1')",5.501113295899027
"((1, 1, 0, 1, 0, 1, 0, 1, 1), 'ORDER_1')",-1.2767999999999944
"((0, 1, 1, 0, 0, 1, 1, 1, 1), 'ORDER_1')",-38.25081885611624
"((0, 0, 0, 1, 1, 0, 0, 1, 1), 'DELIVER')",-110.87769129463697
"((1, 0, 1, 1, 1, 1, 0, 1, 1), 'STORE')",-0.3716324421182229
"((1, 1, 1, 1, 0, 0, 1, 1, 1), 'STORE')",-2.9070496963964416
"((1, 0, 0, 1, 0, 0, 0, 1, 1), 'DELIVER')",122.00108827277138
"((1, 0, 0, 0, 0, 0, 0, 1, 0), 'STORE')",44.26461331977149
"((1, 1, 0, 0, 0, 0, 0, 0, 0), 'STORE')",45.973592713343514
"((0, 1, 0, 0, 0, 0, 0, 1, 1), 'ORDER_1')",-10
"((0, 1, 0, 1, 0, 1, 1, 0, 0), 'STORE')",65.43051188388891
"((0, 1, 0, 0, 0, 0, 0, 1, 0), 'STORE')",57.17573017023042
"((0, 1, 0, 1, 1, 0, 1, 0, 0), 'IDLE')",29.120213965802158
"((0, 1, 1, 1, 1, 0, 1, 1, 0), 'DELIVER')",81.49355987261421
"((0, 1, 0, 1, 1, 0, 1, 0, 0), 'DELIVER')",65.1207935844879
"((0, 1, 1, 1, 1, 1, 1, 1, 0), 'STORE')",-18.020224977152253
"((0, 0, 1, 1, 1, 0, 0, 1, 1), 'IDLE')",11.974092020896375
"((0, 1, 1, 1, 1, 1, 0, 0, 0), 'STORE')",-23.53859125319667
"((1, 0, 1, 0, 0, 1, 0, 0, 0), 'DELIVER')",121.32937587576932
"((0, 0, 1, 1, 1, 1, 0, 0, 0), 'DELIVER')",106.47290989337193
"((0, 1, 1, 1, 1, 1, 0, 1, 0), 'STORE')",24.94170132345384
"((0, 1, 0, 0, 0, 0, 1, 1, 0), 'DELIVER')",108.37474381130986
"((0, 0, 0, 0, 0, 0, 0, 1, 1), 'DELIVER')",-76.49028693936741
"((1, 1, 0, 1, 0, 1, 0, 0, 0), 'DELIVER')",128.22198746694437
"((0, 1, 0, 1, 0, 1, 0, 0, 0), 'ORDER_1')",42.51874474101441
"((0, 1, 0, 1, 0, 1, 0, 1, 1), 'DELIVER')",127.43398568024602
"((1, 0, 0, 1, 1, 1, 1, 0, 0), 'DELIVER')",116.08688284747834
"((0, 0, 0, 1, 1, 1, 0, 1, 1), 'ORDER_1')",-20.819848548948045
"((1, 1, 0, 1, 0, 1, 0, 1, 0), 'IDLE')",45.584369032752036
"((0, 1, 1, 0, 0, 1, 0, 1, 1), 'IDLE')",8.647655829804616
"((0, 0, 1, 1, 1, 1, 1, 1, 1), 'STORE')",-16.77738929182646
"((0, 1, 1, 1, 1, 1, 1, 1, 1), 'STORE')",-4.654369166269927
"((1, 1, 0, 1, 0, 0, 1, 1, 0), 'DELIVER')",148.11515024939277
"((0, 1, 0, 0, 0, 1, 1, 0, 0), 'IDLE')",37.52901474198361
"((0, 1, 0, 1, 0, 0, 1, 1, 1), 'IDLE')",29.57050813925667
"((0, 1, 0, 1, 1, 1, 0, 1, 0), 'ORDER_1')",25.00030249794115
"((0, 1, 0, 1, 0, 1, 0, 1, 1), 'ORDER_1')",48.64532944931526
"((0, 0, 0, 0, 0, 1, 1, 1, 1), 'STORE')",32.30439118928081
"((1, 1, 0, 1, 1, 1, 0, 1, 0), 'ORDER_1')",-45.676377887830974
"((1, 1, 0, 1, 0, 1, 0, 1, 1), 'DELIVER')",117.65423083263836
"((1, 1, 0, 1, 0, 1, 0, 0, 0), 'ORDER_1')",45.68427316847594
"((0, 0, 0, 0, 0, 0, 0, 1, 1), 'IDLE')",26.58490690978666
"((0, 1, 0, 1, 1, 0, 1, 0, 0), 'STORE')",22.456448887686435
"((0, 1, 0, 1, 1, 1, 0, 1, 0), 'IDLE')",12.31175005426007
"((0, 0, 0, 1, 1, 0, 0, 1, 1), 'STORE')",31.420126521759688
"((0, 1, 1, 1, 1, 0, 0, 1, 1), 'ORDER_1')",-27.600073847440292
"((0, 1, 1, 1, 1, 1, 0, 1, 1), 'DELIVER')",94.69276681800764
"((0, 0, 1, 0, 0, 1, 0, 1, 1), 'DELIVER')",-66.93867329061085
"((1, 0, 0, 0, 0, 0, 0, 1, 0), 'IDLE')",59.96414245949754
"((1, 0, 0, 1, 1, 1, 0, 0, 0), 'IDLE')",13.542896314607127
"((1, 0, 0, 1, 1, 1, 0, 0, 0), 'DELIVER')",58.70324741443367
"((1, 1, 0, 1, 1, 0, 1, 1, 0), 'STORE')",20.42400441681238
"((1, 1, 1, 1, 1, 1, 0, 1, 0), 'IDLE')",-3.6702626347583376
"((1, 0, 0, 1, 1, 0, 1, 0, 0), 'STORE')",10.981937065534922
"((1, 1, 0, 1, 0, 1, 1, 1, 0), 'STORE')",19.075800391898717
"((0, 0, 1, 0, 0, 0, 1, 1, 1), 'ORDER_1')",23.019631599899448
"((1, 1, 0, 1, 1, 0, 1, 1, 0), 'IDLE')",39.93943497683821
"((1, 1, 0, 1, 1, 1, 1, 0, 0), 'IDLE')",20.19836561093483
"((1, 1, 0, 1, 0, 1, 1, 0, 0), 'IDLE')",34.56576327819291
"((1, 1, 0, 1, 0, 1, 1, 0, 0), 'ORDER_1')",35.27060937496971
"((1, 1, 0, 1, 0, 1, 1, 1, 0), 'DELIVER')",130.69003635347897
"((0, 1, 0, 0, 0, 1, 1, 1, 0), 'ORDER_1')",10.781586576227927
"((1, 0, 1, 1, 0, 0, 1, 1, 0), 'DELIVER')",126.24833093048966
"((0, 0, 1, 0, 0, 1, 0, 1, 1), 'STORE')",43.13700280401622
"((1, 0, 0, 1, 0, 1, 0, 0, 0), 'STORE')",63.33274366485288
"((1, 1, 0, 1, 0, 1, 0, 1, 0), 'ORDER_1')",-2.0336868166667443
"((0, 1, 0, 1, 1, 0, 1, 1, 1), 'DELIVER')",47.41763878750348
"((0, 0, 0, 0, 0, 1, 1, 1, 1), 'ORDER_1')",-18.416003225043923
"((1, 1, 1, 1, 1, 0, 0, 1, 1), 'DELIVER')",73.22592125481768
"((1, 0, 0, 1, 1, 1, 1, 0, 0), 'ORDER_1')",18.472713939470736
"((1, 0, 0, 1, 1, 1, 1, 1, 0), 'IDLE')",0.9998625937395573
"((1, 0, 0, 1, 0, 1, 1, 1, 0), 'ORDER_1')",9.493313360882489
"((1, 0, 0, 1, 1, 1, 1, 1, 0), 'ORDER_1')",8.497914502631074
"((1, 0, 0, 1, 1, 0, 1, 1, 0), 'IDLE')",48.65840462712089
"((0, 1, 1, 1, 0, 0, 0, 1, 1), 'IDLE')",56.037607628769535
"((1, 0, 0, 1, 1, 0, 0, 1, 0), 'ORDER_1')",12.951754145197802
"((0, 0, 1, 1, 0, 0, 1, 1, 1), 'IDLE')",40.387187436901726
"((0, 0, 1, 1, 1, 1, 0, 1, 1), 'DELIVER')",91.99378023825193
"((0, 0, 0, 1, 1, 0, 1, 1, 0), 'ORDER_1')",-23.139259941725435
"((0, 0, 0, 0, 0, 0, 1, 1, 1), 'DELIVER')",-62.84090246218078
"((0, 0, 0, 0, 0, 0, 0, 1, 1), 'STORE')",22.46547754968154
"((1, 1, 1, 1, 1, 0, 1, 1, 1), 'DELIVER')",44.70626433614786
"((0, 1, 0, 0, 0, 1, 0, 0, 0), 'STORE')",52.5961090195557
"((1, 0, 0, 1, 1, 1, 1, 0, 0), 'IDLE')",28.146134703783286
"((1, 0, 0, 1, 0, 0, 0, 1, 1), 'STORE')",44.060418539247415
"((1, 1, 0, 1, 1, 0, 0, 1, 1), 'DELIVER')",55.028919494015014
"((0, 1, 0, 0, 0, 1, 0, 1, 0), 'DELIVER')",105.24044959464943
"((0, 1, 1, 1, 1, 0, 0, 1, 1), 'IDLE')",0.550835550458625
"((0, 1, 1, 1, 1, 1, 0, 1, 0), 'IDLE')",4.874379123517261
"((1, 0, 0, 0, 0, 0, 0, 1, 0), 'DELIVER')",104.9016229271518
"((1, 0, 0, 1, 1, 0, 0, 0, 0), 'STORE')",-8.994707605751355
"((0, 0, 1, 1, 1, 1, 1, 0, 0), 'STORE')",19.109114369676817
"((0, 1, 1, 0, 0, 1, 0, 0, 0), 'IDLE')",35.69519937629694
"((0, 0, 1, 0, 0, 0, 0, 1, 1), 'DELIVER')",97.8204965382161
"((0, 0, 0, 0, 0, 1, 0, 1, 1), 'IDLE')",28.417137404916534
"((1, 0, 0, 1, 1, 1, 1, 1, 1), 'ORDER_1')",-29.38557448003435
"((0, 1, 0, 0, 0, 1, 1, 0, 0), 'DELIVER')",108.46320167784104
"((1, 1, 0, 1, 1, 0, 0, 0, 0), 'ORDER_1')",-5.679541295453479
"((0, 1, 0, 1, 1, 1, 0, 1, 1), 'IDLE')",23.377080850160038
"((0, 0, 0, 0, 0, 0, 1, 1, 1), 'STORE')",34.94108001999893
"((0, 0, 0, 1, 0, 0, 1, 1, 1), 'ORDER_1')",27.557220186622565
"((0, 1, 0, 1, 1, 0, 0, 1, 1), 'DELIVER')",84.44336137451523
"((0, 1, 0, 1, 1, 1, 1, 0, 0), 'DELIVER')",98.66063285267981
"((1, 1, 0, 1, 1, 0, 0, 1, 1), 'IDLE')",-70
"((0, 1, 0, 1, 0, 1, 1, 0, 0), 'DELIVER')",123.40112435878827
"((1, 0, 0, 1, 1, 0, 0, 1, 0), 'IDLE')",21.702818778022568
"((1, 0, 0, 1, 0, 1, 0, 0, 0), 'IDLE')",58.13536265555477
"((1, 0, 0, 1, 0, 1, 0, 0, 0), 'ORDER_1')",53.52937822047538
"((1, 1, 1, 0, 0, 0, 0, 1, 0), 'IDLE')",29.025933520615656
"((1, 1, 0, 1, 0, 0, 0, 1, 1), 'IDLE')",55.37398591561052
"((1, 1, 0, 1, 1, 1, 1, 0, 0), 'DELIVER')",96.70475078637021
"((0, 1, 0, 0, 0, 1, 1, 1, 0), 'STORE')",58.75985345531679
"((0, 1, 1, 1, 1, 0, 1, 1, 1), 'IDLE')",-7.301129731638763
"((0, 1, 0, 0, 0, 1, 0, 0, 0), 'IDLE')",22.64599447023314
"((1, 0, 1, 1, 1, 1, 0, 1, 1), 'IDLE')",21.36014032539693
"((1, 1, 0, 1, 0, 1, 0, 0, 0), 'STORE')",19.675808338408128
"((1, 0, 0, 1, 0, 0, 1, 1, 1), 'IDLE')",27.989687948334073
"((1, 1, 0, 1, 1, 0, 1, 1, 1), 'ORDER_1')",-50.2
"((1, 1, 0, 1, 0, 1, 1, 1, 1), 'STORE')",13.248754270984232
"((1, 0, 0, 0, 0, 0, 1, 0, 0), 'DELIVER')",-34.79746714692146
"((0, 1, 0, 1, 1, 1, 0, 0, 0), 'IDLE')",25.258804192417973
"((0, 1, 0, 1, 1, 1, 0, 1, 0), 'DELIVER')",73.95172975177238
"((0, 1, 0, 1, 1, 0, 1, 1, 1), 'STORE')",1.6640436997725336
"((1, 0, 1, 1, 1, 0, 0, 1, 0), 'IDLE')",23.891255371963943
"((1, 0, 0, 0, 0, 0, 1, 1, 0), 'ORDER_1')",5.346803898851729
"((0, 1, 0, 1, 0, 0, 0, 1, 1), 'DELIVER')",121.44927074495509
"((1, 0, 1, 1, 0, 0, 0, 1, 1), 'IDLE')",53.04165405106334
"((1, 0, 1, 1, 1, 1, 0, 1, 0), 'ORDER_1')",3.6635781897416058
"((1, 0, 0, 1, 1, 0, 0, 1, 1), 'STORE')",27.099725182157727
"((1, 0, 1, 1, 0, 0, 0, 1, 1), 'DELIVER')",134.38536466431958
"((0, 1, 0, 1, 1, 0, 0, 1, 1), 'IDLE')",4.000861715088924
"((1, 0, 1, 1, 1, 0, 1, 0, 0), 'DELIVER')",58.53486333054635
"((0, 1, 0, 1, 1, 1, 1, 1, 1), 'STORE')",-8.556119600227552
"((1, 1, 1, 1, 1, 1, 0, 1, 1), 'ORDER_1')",-22.00322173582666
"((1, 1, 1, 0, 0, 0, 0, 1, 0), 'DELIVER')",69.94434625022495
"((0, 1, 0, 0, 0, 0, 1, 1, 0), 'IDLE')",59.7111774694966
"((1, 1, 0, 1, 1, 1, 1, 1, 0), 'DELIVER')",101.2827345194298
"((1, 0, 0, 1, 1, 1, 0, 1, 0), 'DELIVER')",78.58407549043704
"((0, 0, 0, 1, 1, 0, 1, 0, 0), 'IDLE')",-16.685090740601765
"((0, 0, 1, 1, 1, 0, 0, 1, 1), 'STORE')",-42.76909872208238
"((1, 1, 1, 1, 1, 0, 1, 1, 1), 'STORE')",-8.65662536524123
"((0, 0, 0, 1, 1, 0, 0, 1, 1), 'ORDER_1')",-9.992667713611318
"((1, 0, 1, 0, 0, 0, 0, 1, 0), 'ORDER_1')",37.56399027104526
"((1, 1, 0, 1, 0, 1, 1, 1, 1), 'DELIVER')",90.6015715052672
"((1, 0, 1, 1, 1, 1, 0, 0, 0), 'STORE')",0.09339050841006724
"((0, 1, 1, 1, 1, 1, 0, 1, 1), 'STORE')",4.761687819372755
"((0, 1, 1, 1, 1, 1, 0, 1, 0), 'ORDER_1')",32.94010916588396
"((1, 0, 1, 0, 0, 1, 1, 0, 0), 'STORE')",15.693317812566029
"((1, 0, 1, 1, 1, 0, 1, 1, 1), 'DELIVER')",116.76636775596141
"((0, 0, 1, 1, 1, 1, 0, 1, 1), 'STORE')",17.478520702927764
"((0, 0, 0, 1, 1, 0, 1, 1, 0), 'STORE')",31.73326929251872
"((0, 1, 0, 1, 1, 0, 1, 1, 1), 'IDLE')",-2.476081019585168
"((1, 0, 0, 1, 0, 1, 0, 1, 0), 'ORDER_1')",22.627205153153504
"((1, 1, 0, 1, 0, 1, 1, 1, 0), 'IDLE')",36.427436711440286
"((1, 0, 0, 0, 0, 1, 1, 1, 0), 'ORDER_1')",-10
"((0, 0, 1, 0, 0, 0, 1, 1, 1), 'IDLE')",27.182663200752145
"((1, 0, 0, 1, 0, 1, 1, 1, 1), 'STORE')",37.14929871189239
"((1, 1, 0, 0, 0, 0, 0, 0, 0), 'ORDER_1')",55.17085670541289
"((1, 1, 0, 1, 0, 0, 1, 1, 1), 'STORE')",34.052422363684805
"((1, 1, 0, 1, 0, 0, 1, 1, 1), 'DELIVER')",95.9759472936558
"((0, 1, 0, 0, 0, 1, 1, 1, 1), 'STORE')",18.156813812281044
"((1, 1, 0, 1, 1, 0, 0, 1, 1), 'ORDER_1')",-2.270461105843747
"((1, 1, 0, 1, 1, 1, 0, 1, 1), 'IDLE')",-70
"((1, 1, 0, 1, 1, 1, 1, 1, 0), 'STORE')",0.16861890959966486
"((0, 1, 1, 1, 1, 1, 1, 0, 0), 'DELIVER')",135.8219784973222
"((0, 0, 1, 0, 0, 1, 0, 1, 1), 'IDLE')",16.898267329911324
"((0, 0, 0, 0, 0, 1, 0, 1, 1), 'ORDER_1')",26.363240436162535
"((0, 0, 0, 1, 1, 0, 1, 1, 0), 'IDLE')",-50
"((1, 1, 0, 1, 0, 1, 0, 0, 0), 'IDLE')",42.87538852631404
"((0, 0, 1, 1, 1, 1, 0, 0, 0), 'ORDER_1')",9.829717978022355
"((1, 0, 1, 1, 1, 1, 1, 1, 1), 'DELIVER')",18.838639813163518
"((1, 0, 0, 1, 0, 1, 1, 0, 0), 'IDLE')",24.851849750094132
"((0, 0, 0, 1, 1, 0, 1, 0, 0), 'ORDER_1')",-16.364353281817692
"((1, 1, 1, 0, 0, 1, 1, 0, 0), 'ORDER_1')",-30
"((1, 0, 1, 1, 1, 1, 1, 0, 0), 'ORDER_1')",8.65445952844107
"((0, 0, 0, 0, 0, 0, 1, 1, 1), 'ORDER_1')",0
"((0, 0, 1, 1, 1, 1, 0, 0, 0), 'STORE')",15.648903367190368
"((1, 1, 0, 1, 1, 0, 1, 0, 0), 'ORDER_1')",24.363815641477856
"((0, 1, 1, 1, 1, 0, 0, 1, 1), 'DELIVER')",55.12142367490275
"((0, 0, 0, 1, 1, 0, 1, 1, 0), 'DELIVER')",-114.48030681791474
"((1, 0, 1, 1, 0, 1, 0, 1, 1), 'STORE')",35.35491834938469
"((1, 0, 0, 1, 1, 0, 1, 1, 1), 'IDLE')",5.745391337698283
"((0, 0, 0, 0, 0, 0, 0, 1, 1), 'ORDER_1')",25.6388192582403
"((0, 1, 0, 1, 1, 1, 0, 0, 0), 'DELIVER')",73.23694466463688
"((1, 1, 0, 0, 0, 0, 0, 0, 0), 'DELIVER')",113.3550560433479
"((0, 1, 0, 1, 1, 0, 0, 1, 1), 'STORE')",4.117785305506485
"((1, 1, 1, 0, 0, 0, 1, 1, 0), 'IDLE')",45.4210566746016
"((0, 1, 0, 1, 1, 1, 0, 1, 1), 'ORDER_1')",-8.907883097287444
"((1, 1, 0, 1, 1, 1, 0, 0, 0), 'DELIVER')",73.55390886611673
"((1, 0, 0, 1, 1, 0, 0, 1, 1), 'DELIVER')",42.67378402126953
"((0, 1, 0, 0, 0, 0, 0, 1, 1), 'STORE')",-10
"((1, 0, 0, 1, 0, 0, 1, 1, 1), 'DELIVER')",112.32986247331078
"((1, 0, 1, 1, 1, 1, 1, 0, 0), 'IDLE')",21.593017563308763
"((1, 0, 1, 1, 1, 0, 1, 1, 1), 'IDLE')",-9.386371836690724
"((1, 1, 0, 1, 1, 1, 0, 0, 0), 'ORDER_1')",1.7802302676859068
"((1, 0, 1, 1, 0, 0, 1, 1, 1), 'STORE')",24.888498526822612
"((1, 0, 1, 1, 0, 1, 0, 1, 1), 'IDLE')",39.965745541182656
"((0, 0, 1, 1, 1, 1, 1, 1, 1), 'ORDER_1')",-16.524492132822655
"((0, 1, 1, 1, 1, 1, 0, 0, 0), 'ORDER_1')",-15.079086268906682
"((0, 0, 1, 0, 0, 0, 0, 1, 1), 'IDLE')",32.25245386768937
"((1, 0, 1, 1, 0, 0, 0, 1, 1), 'STORE')",18.64212851675456
"((0, 0, 0, 1, 1, 0, 1, 1, 1), 'DELIVER')",-111.21897514678784
"((1, 0, 1, 0, 0, 1, 0, 0, 0), 'ORDER_1')",-20
"((1, 0, 0, 1, 1, 1, 0, 1, 1), 'IDLE')",-23.288623123298578
"((0, 0, 0, 1, 1, 0, 1, 1, 1), 'ORDER_1')",-50
"((1, 1, 1, 0, 0, 0, 0, 1, 0), 'ORDER_1')",-30
"((1, 1, 1, 0, 0, 0, 1, 1, 0), 'ORDER_1')",23.617355443545897
"((0, 1, 0, 1, 1, 0, 0, 1, 1), 'ORDER_1')",36.136367284570525
"((1, 0, 0, 1, 1, 1, 0, 0, 0), 'ORDER_1')",15.67044179494331
"((1, 0, 0, 1, 1, 1, 0, 1, 0), 'ORDER_1')",-3.2807303102194405
"((1, 0, 0, 1, 0, 1, 0, 1, 1), 'DELIVER')",74.63699182853446
"((1, 0, 0, 0, 0, 0, 1, 1, 1), 'DELIVER')",90
"((0, 1, 1, 0, 0, 0, 1, 1, 1), 'IDLE')",-20
"((1, 0, 1, 0, 0, 0, 0, 1, 0), 'STORE')",24.770764252668314
"((1, 1, 0, 0, 0, 0, 0, 0, 0), 'IDLE')",49.657558132698384
"((1, 0, 1, 1, 1, 0, 1, 1, 1), 'STORE')",1.631503999423428
"((0, 1, 1, 0, 0, 0, 1, 1, 1), 'STORE')",-20
"((1, 1, 0, 1, 1, 0, 0, 1, 1), 'STORE')",-34.299969331270624
"((1, 0, 0, 0, 0, 1, 1, 0, 0), 'ORDER_1')",44.935050411282425
"((1, 1, 0, 1, 1, 1, 1, 0, 0), 'ORDER_1')",-18.25087918049072
"((0, 1, 0, 0, 0, 1, 1, 1, 0), 'IDLE')",14.936429661009814
"((0, 0, 1, 0, 0, 0, 0, 1, 1), 'ORDER_1')",46.54100816707715
"((0, 1, 0, 1, 1, 0, 1, 1, 1), 'ORDER_1')",-1.5395750356848943
"((0, 1, 0, 0, 0, 1, 0, 1, 1), 'IDLE')",-10
"((1, 1, 0, 1, 1, 1, 0, 0, 0), 'IDLE')",21.339006046288063
"((0, 0, 1, 0, 0, 0, 0, 1, 1), 'STORE')",37.34793845063972
"((1, 0, 0, 1, 1, 0, 0, 1, 1), 'ORDER_1')",-16.650020018489265
"((1, 0, 0, 0, 0, 0, 1, 1, 1), 'ORDER_1')",-10
"((0, 0, 1, 0, 0, 0, 1, 1, 1), 'STORE')",36.465346211760234
"((1, 1, 0, 1, 1, 0, 1, 0, 0), 'IDLE')",28.914397737504974
"((1, 1, 0, 1, 1, 1, 0, 1, 1), 'ORDER_1')",-70
"((0, 0, 0, 1, 1, 0, 1, 0, 0), 'STORE')",-12.817212368242785
"((1, 1, 1, 0, 0, 1, 0, 0, 0), 'STORE')",0
"((0, 1, 0, 0, 0, 0, 1, 1, 1), 'IDLE')",-10
"((0, 0, 1, 1, 1, 0, 1, 1, 1), 'DELIVER')",77.41460019841399
"((0, 0, 0, 0, 0, 0, 1, 1, 1), 'IDLE')",6.909343620195988
"((1, 0, 1, 0, 0, 1, 1, 0, 0), 'IDLE')",-20
"((1, 1, 0, 1, 0, 0, 0, 1, 1), 'DELIVER')",118.20203501718082
"((1, 0, 0, 1, 1, 0, 0, 1, 1), 'IDLE')",-16.593813758322653
"((1, 1, 0, 0, 0, 0, 1, 0, 0), 'IDLE')",32.51455574782936
"((0, 0, 1, 0, 0, 0, 1, 1, 1), 'DELIVER')",108.37251825591042
"((1, 1, 0, 1, 1, 1, 1, 0, 0), 'STORE')",-70
"((1, 0, 1, 0, 0, 1, 0, 0, 0), 'STORE')",-20
"((0, 0, 0, 0, 0, 1, 0, 1, 1), 'STORE')",51.65270451931123
"((0, 0, 1, 1, 1, 0, 0, 1, 1), 'ORDER_1')",-10
"((1, 0, 1, 0, 0, 0, 0, 1, 1), 'STORE')",-20
"((1, 1, 0, 0, 0, 0, 0, 1, 0), 'ORDER_1')",-20
"((1, 1, 0, 1, 1, 1, 0, 0, 0), 'STORE')",-20
"((1, 1, 0, 1, 1, 1, 0, 1, 1), 'STORE')",-20
"((0, 0, 1, 1, 1, 0, 1, 1, 1), 'ORDER_1')",-12.146605907967766
"((0, 1, 1, 0, 0, 0, 0, 1, 1), 'DELIVER')",80
"((1, 0, 0, 0, 0, 1, 1, 1, 0), 'STORE')",-10
"((1, 0, 1, 1, 1, 0, 1, 1, 1), 'ORDER_1')",-70
"((1, 1, 0, 1, 1, 0, 1, 1, 1), 'IDLE')",19.12220647715503
"((1, 0, 1, 0, 0, 1, 1, 0, 0), 'ORDER_1')",-20
"((0, 1, 1, 1, 1, 0, 1, 1, 1), 'ORDER_1')",-6.736072111709648
"((1, 0, 1, 0, 0, 1, 1, 1, 0), 'STORE')",-20
"((1, 1, 0, 1, 0, 0, 1, 1, 1), 'ORDER_1')",8.799999999999997
"((0, 1, 1, 1, 1, 1, 0, 0, 0), 'IDLE')",-1.4800860438681145
"((1, 1, 1, 0, 0, 1, 0, 0, 0), 'ORDER_1')",-30
"((1, 1, 0, 1, 1, 1, 1, 1, 1), 'ORDER_1')",-62.19677816478215
"((1, 1, 0, 1, 0, 1, 1, 1, 1), 'ORDER_1')",-45.0
"((0, 0, 1, 1, 1, 0, 1, 1, 1), 'STORE')",-60
"((0, 1, 1, 0, 0, 1, 0, 1, 1), 'STORE')",-20
"((0, 0, 1, 1, 1, 0, 0, 1, 1), 'DELIVER')",61.58498970991508
"((1, 0, 0, 0, 0, 1, 0, 1, 0), 'ORDER_1')",-10
"((1, 1, 0, 1, 0, 0, 1, 1, 1), 'IDLE')",-20
"((0, 1, 1, 0, 0, 0, 0, 1, 1), 'STORE')",30.76278928442268
"((1, 0, 0, 1, 1, 1, 1, 1, 1), 'STORE')",18.202120394850574
"((1, 1, 0, 1, 0, 1, 1, 0, 0), 'STORE')",39.839061884951306
"((1, 1, 0, 1, 1, 1, 1, 1, 1), 'DELIVER')",80
"((1, 0, 1, 0, 0, 1, 0, 0, 0), 'IDLE')",-20
"((1, 1, 0, 0, 0, 0, 1, 0, 0), 'ORDER_1')",-20
"((0, 1, 1, 0, 0, 0, 0, 1, 1), 'IDLE')",-20
"((1, 1, 0, 1, 1, 1, 1, 1, 1), 'IDLE')",-20
"((1, 1, 0, 1, 0, 1, 0, 1, 1), 'IDLE')",2.625405824323341
"((1, 0, 1, 1, 1, 0, 0, 1, 1), 'IDLE')",-70
"((1, 0, 1, 0, 0, 1, 0, 1, 0), 'ORDER_1')",-20
"((1, 0, 1, 1, 1, 0, 0, 1, 1), 'ORDER_1')",-20
"((1, 0, 0, 1, 1, 1, 0, 1, 1), 'DELIVER')",90
